,Tweet Number,News Organization,Tweet,Compound Score,Positive Score,Negative Score,Neutral Score
0,0,@BBC,üçìü§ñ Meet the strawberry picking robot. https://t.co/oVL1eYXeBt,0.0,0.0,0.0,1.0
1,1,@BBC,"Twenty familiar faces from the worlds of show business, music and sport compete to win the 2018 title... Celebrity‚Ä¶ https://t.co/b8ah90rqci",0.5859,0.167,0.0,0.833
2,2,@BBC,Would you travel to Japan to meet Melonbear? https://t.co/aiiuz98vMp,0.0,0.0,0.0,1.0
3,3,@BBC,"RT @BBCOne: Be a nice person ‚úÖ
Never give up ‚úÖ
Answer back ‚úÖ

And other valuable life advice from @LennyHenry! https://t.co/pYyyfqeKOq",0.7345,0.279,0.0,0.721
4,4,@BBC,"Do you give a fork? üç¥
#PlasticsAction https://t.co/Zs6OXgNdM6",0.0,0.0,0.0,1.0
5,5,@BBC,"RT @BBCNews: GCSE results day is stressful for a lot of people üòñ

Here are some tips on how to cope https://t.co/zjny0yFCjX https://t.co/io‚Ä¶",-0.5106,0.0,0.142,0.858
6,6,@BBC,"RT @bbcpress: üé¨ @BBCThree's #Fleabag series two cast announced as filming commences, with Andrew Scott joining the show: https://t.co/nH6LF‚Ä¶",0.0,0.0,0.0,1.0
7,7,@BBC,"South Korean boy band @BTS_twt will appear in the 2019 edition of the Guinness Book of World Records - twice! 
üëâ‚Ä¶ https://t.co/DkTcQLeqJD",0.0,0.0,0.0,1.0
8,8,@BBC,"RT @BBC_Teach: Did you know that GCSEs are 30 years old this year?

Take a trip down memory lane with this 1988 clip from John Craven's New‚Ä¶",0.0,0.0,0.0,1.0
9,9,@BBC,"From 'preating' to 'orbiting' - which toxic dating trend are you guilty of?
üëâ https://t.co/O4dQkQAqlM https://t.co/p39IuVrUVI",-0.4215,0.0,0.177,0.823
10,10,@BBC,üê∂üç¶ Almost too adorable to eat... https://t.co/Cf3gUwmFqH,0.4445,0.327,0.0,0.673
11,11,@BBC,"üò≤ A woman has had a contact lens removed from her eyelid 28 years after it was thought to have fallen out.
üëâ‚Ä¶ https://t.co/okaXLrAjDn",-0.3612,0.0,0.111,0.889
12,12,@BBC,"RT @BBCOne: Walking in on your mum. The last thing you want to see. Ever.

#Wanderlust starring Toni Collette explores love and forbidden d‚Ä¶",0.4019,0.188,0.096,0.717
13,13,@BBC,"RT @BBC6Music: #AllDayRave
Thursday with...
6am @graemepark
7am @DirkandJurgen w/ @shaunwkeaveny &amp; @nemonemetaxas 
10am @laurenlaverne w/ @‚Ä¶",0.0,0.0,0.0,1.0
14,14,@BBC,"RT @BBC6Music: We‚Äôre ‚Äòaving a rave! üôå
All day today we‚Äôre celebrating 30 years of UK club culture. No playlist, plenty of your requests and‚Ä¶",0.4199,0.147,0.081,0.772
15,15,@BBC,"RT @BBC_Teach: It's #gcseresultsday2018

#BBCMindSet are live NOW with support and advice to help you choose your next step 

Just click he‚Ä¶",0.6597,0.213,0.0,0.787
16,16,@BBC,"This woman is the best thing since sliced bread.
(via @BBCThree) https://t.co/1TUeJRVuJs",0.6369,0.276,0.0,0.724
17,17,@BBC,Examination of a mummy has revealed the original ancient Egyptian embalming recipe - first used to preserve bodies.‚Ä¶ https://t.co/m4dEcDrGEY,0.3182,0.126,0.0,0.874
18,18,@BBC,"ü¶î üíï Only one in 100,000 hedgehogs are born with the recessive gene for albinism. https://t.co/os5fY2IdID",0.0,0.0,0.0,1.0
19,19,@BBC,Meet the brothers who customise millions of pounds worth of supercars‚Ä¶ and live at home with Mum and Dad. https://t.co/GKWVG8MN9K,0.2263,0.091,0.0,0.909
20,20,@BBC,"NEWS JUST IN: TV is dead. 

#TheLennyHenryBirthdayShow | 8pm | @BBCOne https://t.co/BcAdHUwEFT",-0.6486,0.0,0.323,0.677
21,21,@BBC,How Vince‚Äôs experience as a Paralympian led him to set up a company making bespoke wheelchairs. https://t.co/oiij2R8Auk,0.0,0.0,0.0,1.0
22,22,@BBC,RT @BBCRadio4: Venezuela is desperately trying to stop out-of-control prices. Here‚Äôs how they got to where they were before the new currenc‚Ä¶,-0.5859,0.0,0.194,0.806
23,23,@BBC,"Cases of measles in Europe have hit a record high with 41,000 people infected in the first six months of 2018, acco‚Ä¶ https://t.co/pmnPXDndJI",-0.4939,0.0,0.132,0.868
24,24,@BBC,"RT @BBCTwo: By order of the #PeakyBlinders, we hereby issue @BBCOne with full membership to the Shelby family business! Welcome to the gang‚Ä¶",0.5093,0.13,0.0,0.87
25,25,@BBC,"RT @BBCOne: Power. Protection. Trust. Threat.

Get ready for #Bodyguard. Starts Sunday 26th and Monday 27th August, 9pm, on @BBCOne.

Starr‚Ä¶",0.34,0.213,0.125,0.662
26,26,@BBC,"More than half (56%) of UK workers believe they are monitored by their boss at work, research from the TUC claims.‚Ä¶ https://t.co/BPKwk9iEwL",0.0,0.0,0.0,1.0
27,27,@BBC,RT @BBC6Music: Which tunes would you add to this list? #AllDayRave  https://t.co/1izIOoaqod,0.0,0.0,0.0,1.0
28,28,@BBC,Inside Shanghai‚Äôs marriage market where parents set their children up on blind dates. https://t.co/CHpIBNc16h,-0.4019,0.0,0.172,0.828
29,29,@BBC,"RT @bbcpress: ""By order of the #PeakyBlinders."" @ThePeakyBlinder moves to @BBCOne: https://t.co/VUCZAOjIX1 #EdTVFest https://t.co/fEA0Rv7ihh",0.0,0.0,0.0,1.0
30,30,@BBC,More than a third of farmed fruit and vegetables never reaches supermarket shelves because it is misshapen or the w‚Ä¶ https://t.co/10Bqhnzz8j,-0.0382,0.0,0.057,0.943
31,31,@BBC,RT @BBCTheOneShow: That time Sir @LennyHenry bumped into the Queen of Soul in an airport! üåπ https://t.co/QDXsgrA2nX,0.0,0.0,0.0,1.0
32,32,@BBC,ü¶éüé® How do chameleons change colour?  https://t.co/4fbUTZLbO7,0.0,0.0,0.0,1.0
33,33,@BBC,"There is high public support for using the tax system to reduce waste from single-use plastics, the Treasury says.‚Ä¶ https://t.co/QPl3U2qmOj",0.1779,0.185,0.115,0.7
34,34,@BBC,"üíÄ‚òïÔ∏è Once described as 'Pluto's diet drink that witches tipple out of dead men's skulls', this is the hidden history‚Ä¶ https://t.co/lXzium5gWR",-0.6486,0.0,0.177,0.823
35,35,@BBC,üôå The unsung heroes of the NHS. https://t.co/Sq8bpihvgc,0.5106,0.355,0.0,0.645
36,36,@BBC,"ü§∞ Pregnancy might just be catching at a hospital in Mesa, Arizona, where 16 nurses are expecting at once.
üëâ‚Ä¶ https://t.co/odeY20yOla",0.0,0.0,0.0,1.0
37,37,@BBC,‚ôªÔ∏èüåç Is reusing the new recycling?  https://t.co/D92t7CEiyB,0.0,0.0,0.0,1.0
38,38,@BBC,"RT @BBCTheOneShow: Learn to pitch like a pro with these top tips from Dragons' Den star @DeborahMeaden  üíÅüê≤
#WorldEntrepreneursDay https://t‚Ä¶",0.5106,0.202,0.0,0.798
39,39,@BBC,"From Charmed to Buffy, here are all the '90s TV reboots we're deliriously excited for.
üëâ https://t.co/6PwqlFMTLl https://t.co/n8gibv7DiJ",0.6597,0.265,0.0,0.735
40,40,@BBC,"RT @bbcstrictly: Say hello to the #Strictly class of 2018! üëã‚ú®
Meet our fabulous 15: https://t.co/SUvuhlm6fE https://t.co/xgQnshXomS",0.5707,0.187,0.0,0.813
41,41,@BBC,"ü•ë ü•ë ü•ë ü•ë ü•ë
This is the AVOZILLA - five times bigger than a regular avocado. https://t.co/FiD9eXNzqg",0.0,0.0,0.0,1.0
42,42,@BBC,"üíçü•ï A gold ring that was lost in a vegetable garden 12 years ago has been found on a carrot dug up for dinner.
üëâ‚Ä¶ https://t.co/ggVGReMlxy",-0.3182,0.0,0.095,0.905
43,43,@BBC,"RT @BBCFOUR: ‚ÄúWhen I go grocery shopping, I‚Äôm not shopping ‚Äòdwarfishly‚Äô. You know what I mean? It‚Äôs not magical or special that I‚Äôm shoppin‚Ä¶",-0.3089,0.0,0.097,0.903
44,44,@BBC,RT @bbcasiannetwork: Eid Mubarak to everyone celebrating! #Eid #EidAlAdha https://t.co/bxDMxXnS4y,0.6114,0.307,0.0,0.693
45,45,@BBC,"RT @BBCR1: ""YOU'RE NOT GONNA BELIEVE THIS SMOL CAMILA..."" üíîüò≠

@Camila_Cabello tweeting her younger self after the #VMAs is too adorable.

h‚Ä¶",0.4939,0.132,0.0,0.868
46,46,@BBC,‚ù§Ô∏èü¶î All animals need someone like JOAN! https://t.co/45ldsfXqNC,0.4199,0.285,0.0,0.715
47,47,@BBC,"Now 22, the youngest US recipient of a face transplant has shared the results of several years of exhaustive recons‚Ä¶ https://t.co/NRG3ikfob9",0.2263,0.11,0.068,0.822
48,48,@BBC,"Ria was adopted from Sri Lanka when she was three weeks old, and all she has of her birth mother is a single photog‚Ä¶ https://t.co/kO1gcsrouf",0.0,0.0,0.0,1.0
49,49,@BBC,"üê∂üèÑ Forget doggy paddling, doggy paddleboarding is where it's at! https://t.co/z3jrX70USU",-0.2942,0.0,0.18,0.82
50,50,@BBC,Meet the biggest puppet in the UK. https://t.co/Tjr3AdLmIr,0.0,0.0,0.0,1.0
51,51,@BBC,More than 200 hairy competitors from around the world have been taking part in the British Beard and Moustache Cham‚Ä¶ https://t.co/ADoWxUNNwG,0.0,0.0,0.0,1.0
52,52,@BBC,RT @bbcpress: Writers and directors confirmed for new #DoctorWho series: https://t.co/JiqbWACtAp https://t.co/dEJePm2wZf,0.0,0.0,0.0,1.0
53,53,@BBC,"üó£ From 'autofiction' to 'catfishing', here are 14 words that define the present. 
üëâ https://t.co/4eRmRJIkR9 https://t.co/ldFvdZi0gT",0.0,0.0,0.0,1.0
54,54,@BBC,‚òÄÔ∏è More of England's hidden history has been revealed thanks to the recent hot weather.  https://t.co/e6vipmru3u,0.4404,0.162,0.0,0.838
55,55,@BBC,"New Zealand's minister for women has cycled to hospital to give birth to her first child at 42 weeks.
üëâ‚Ä¶ https://t.co/OKIxYGEx0R",0.0,0.0,0.0,1.0
56,56,@BBC,"RT @BBCOne: NEWS JUST IN: TV is dead. 

@LennyHenry https://t.co/93ghd2BH3z",-0.6486,0.0,0.323,0.677
57,57,@BBC,"üíâ Surgeons have warned about the health risks of Botox and fillers, after a High Street retailer said it would star‚Ä¶ https://t.co/NStvRRCUn5",-0.4939,0.0,0.189,0.811
58,58,@BBC,"RT @BBCR1: And we're off! üöÄ‚ú®

Here are @GregJames' very first words on brand new Breakfast and the all-important first song to be played on‚Ä¶",0.4003,0.101,0.0,0.899
59,59,@BBC,Has this Ugandan engineer come up with a way to help the world‚Äôs food crisis by using leftover garden waste?‚Ä¶ https://t.co/WWamdCD8RR,-0.34,0.109,0.165,0.726
60,60,@BBC,"ü•¶ Scientists say they have discovered why some vegetables - including cabbage, broccoli and kale - can reduce the r‚Ä¶ https://t.co/o5hkGPCUjE",0.0,0.0,0.0,1.0
61,61,@BBC,üíï These flamingos are some pretty proud foster parents. https://t.co/2TYmLZOS2q,0.743,0.474,0.0,0.526
62,62,@BBC,"üöóüöôüöóüöô Four celebrity duos join a group of classic car enthusiasts on an endurance rally from Thailand to Vietnam, ex‚Ä¶ https://t.co/3znbBS00o5",0.5574,0.204,0.0,0.796
63,63,@BBC,"Could these sketches be early works from one of France's finest artists?

#FakeOrFortune | 9pm | @BBCOne https://t.co/KwEm0tnXV7",0.0,0.0,0.0,1.0
64,64,@BBC,üòç The geometric patterns created by Jupiter's polar storms are absolutely stunning. https://t.co/XB0YKxQdsS,0.5984,0.329,0.0,0.671
65,65,@BBC,‚ù§Ô∏è‚ò∫Ô∏è These new born flamingo chicks are learning to stand on one leg. https://t.co/Jq4QcXRgku,0.0,0.0,0.0,1.0
66,66,@BBC,"Nine secrets to improve your relationships.
üëâ https://t.co/TnfCCD8fLm https://t.co/7qDbCNvTWQ",0.4404,0.293,0.0,0.707
67,67,@BBC,"üåé Want to cut down on the plastic your family uses?  

Blogger @MamalinaUK has some tips. https://t.co/unGbxeznDB",-0.2023,0.075,0.121,0.805
68,68,@BBC,"Vaping can damage vital immune system cells and may be more harmful than previously thought, a study suggests.
üëâ‚Ä¶ https://t.co/5FDfC2Uviu",0.0516,0.186,0.136,0.678
69,69,@BBC,üôå This is brilliant. https://t.co/HwCIxhosAL,0.5859,0.559,0.0,0.441
70,70,@BBC,US Police have made an arrest in a fatal hit-and-run case after an obscure part of a car headlight was identified b‚Ä¶ https://t.co/YA3fAk1bCx,-0.7096,0.0,0.237,0.763
71,71,@BBC,A whale has been rescued from a fishing net thanks to the Chilean Navy. https://t.co/aotpGZTCvh,0.6908,0.341,0.0,0.659
72,72,@BBC,"üé∂üê¶ Start you morning right, with 5 minutes of beautiful birdsong, recorded in the English countryside.

üîä Sound on üîähttps://t.co/6Lx2f21OXD",0.5994,0.187,0.0,0.813
73,73,@BBC,"Watch this, then give your nan a call. 
(via @BBCThree) https://t.co/x1jfsvU21t",0.0,0.0,0.0,1.0
74,74,@BBC,"ü§§ Marshmallows, white chocolate, dried apples and fruity raisins... what more could you want?  https://t.co/MOZcl6oTiy",0.144,0.107,0.0,0.893
75,75,@BBC,"Celebrity favourites including @VickyPattison, @SpencerMatthews and @LouisePentland test their knowledge as they tr‚Ä¶ https://t.co/EJieYPDMnh",0.0,0.0,0.0,1.0
76,76,@BBC,"‚ù§Ô∏èüôå 'The Little Old Ones' 

Welcome to Belgium's retirement home for elderly animals.
üëâ https://t.co/tm0X6XmAAN https://t.co/BYMgMHBDm7",0.4091,0.163,0.0,0.837
77,77,@BBC,"99-year-old Mary shot to fame after playing donkey in her care home's nativity play. 

üôå Now she's back on stage, s‚Ä¶ https://t.co/QORwyvUe4V",0.8519,0.377,0.0,0.623
78,78,@BBC,The farmers using sewage to make saris. https://t.co/dTgg2OeVDT,0.0,0.0,0.0,1.0
79,79,@BBC,"The effects of a powerful psychedelic drug are similar to a near-death experience, research suggests.
üëâ‚Ä¶ https://t.co/FmsoVJG6Ng",0.4215,0.167,0.0,0.833
80,80,@BBC,"What connects Adam and Eve to Tinder? 
üëâ https://t.co/KF2KawzUMk https://t.co/cnybTtA6Jb",0.0,0.0,0.0,1.0
81,81,@BBC,"Kofi Annan, the former UN secretary-general who won the Nobel Peace Prize for humanitarian work, has died aged 80.‚Ä¶ https://t.co/efsGW8ActM",0.7845,0.349,0.12,0.532
82,82,@BBC,"RT @BBCBreaking: Kofi Annan, the former UN secretary-general who won the Nobel Peace Prize for humanitarian work, dies aged 80 https://t.co‚Ä¶",0.8885,0.368,0.0,0.632
83,83,@BBC,"Endangered monkeys and apes could face new risks if Africa becomes a big player in the palm oil industry.
üëâ‚Ä¶ https://t.co/qtGXficFps",-0.2732,0.0,0.1,0.9
84,84,@BBC,üëÄüìñ Can you read like a superhuman? https://t.co/jJjiXoH6UM,0.3612,0.294,0.0,0.706
85,85,@BBC,Is this the way to end rough sleeping? https://t.co/a0FDrfV4l3,0.0,0.0,0.0,1.0
86,86,@BBC,ü§óüêò It's baby feeding time at the elephant sanctuary! https://t.co/6q7PhK3vwh,0.0,0.0,0.0,1.0
87,87,@BBC,"üòÇ @MrNishKumar introduces hilarious stand-up comedians @tezilyas, @emilylloydsaini, @AnuvabPal, @ismaalmas and‚Ä¶ https://t.co/xLMLWMIYzT",0.5994,0.353,0.0,0.647
88,88,@BBC,"Explore the spectacular and emotional world of rituals... 

Extraordinary Rituals | 9pm | @BBCTwo |‚Ä¶ https://t.co/rWKS82KJ84",0.1531,0.11,0.0,0.89
89,89,@BBC,"You either refuse to add your mum on social media, or force her to accept what a deviant you are. üòú https://t.co/8lLjGSKUny",0.1027,0.114,0.096,0.789
90,90,@BBC,Actual footage of my weekend plans... üí§ #FridayFeeling https://t.co/fwYRjlq0es,0.0,0.0,0.0,1.0
91,91,@BBC,"All the times parents went viral for embarrassing their kids...
Can you die of cringe?
üëâ https://t.co/p9bK7mNjSs https://t.co/8FwwiNS1MU",-0.7579,0.0,0.302,0.698
92,92,@BBC,üòÇ STOP MICROWAVING FISH AT WORK! https://t.co/vaMuGa9RDy,-0.4981,0.0,0.392,0.608
93,93,@BBC,"RT @BBC6Music: Celebrating the life &amp; work of Aretha Franklin.

Friday, noon: @laurenlaverne will play an hour of your requests

Sat, 6-9pm‚Ä¶",0.7269,0.234,0.0,0.766
94,94,@BBC,RT @BBCTwo: The rumours are true! #UniversityChallenge's @E_Monkman and @Bobby_Seagull are hitting the road in their own @BBCTwo show! üöôüó∫ h‚Ä¶,0.5242,0.145,0.0,0.855
95,95,@BBC,"A ""foul-mouthed"" parrot launched a four-letter tirade at a firefighter as he tried to rescue the bird from a neighb‚Ä¶ https://t.co/ZnKQiqwwTQ",0.5859,0.242,0.0,0.758
96,96,@BBC,"RT @BBCOne: Comedy legend @LennyHenry is about to turn 60, so we thought he deserved a special birthday show!

#TheLennyHenryBirthdayShow.‚Ä¶",0.6696,0.244,0.0,0.756
97,97,@BBC,"RT @BBCTheOneShow: A little prayer for you Aretha ‚ù§

Watch The Kingdom Choir's tribute in full: https://t.co/yFH9uvH9Ya https://t.co/OXEj19‚Ä¶",0.0,0.0,0.0,1.0
98,98,@BBC,"Choose life üôå

üìñ Choose Ewan McGregor reading you a @CBeebiesHQ bedtime story tonight.  https://t.co/szLtU7Ed0o",0.0,0.0,0.0,1.0
99,99,@BBC,‚ò∫Ô∏è New born flamingo chicks learning to stand on one leg is the cutest thing you'll see all day. https://t.co/Jq4QcXRgku,0.5859,0.167,0.0,0.833
100,0,@CBS,"@bigbangtheory üé∂...happy kitty, sleepy kitty, purr purr purrüé∂ #TheBigBangTheory https://t.co/sEObppGJlZ",0.0,0.0,0.0,1.0
101,1,@CBS,"This is going to require multiple singings of ""Soft Kitty."" https://t.co/UdRGNeQ7Lb",0.0,0.0,0.0,1.0
102,2,@CBS,Got to get more of the @PaulMcCartney #CarpoolKaraoke into your life? @latelateshow produced an hour-long bonus spe‚Ä¶ https://t.co/DjPqajo6Xn,0.5423,0.171,0.0,0.829
103,3,@CBS,"How much does it cost to bury the truth? 
#OneDollar premieres August 30, exclusively on CBS All Access. https://t.co/ZL5TBH9ro5",0.3182,0.113,0.0,0.887
104,4,@CBS,Things got carried away when @ArianaGrande joined @latelateshow for #CarpoolKaraoke. So did Ariana. #ArianaCarpool https://t.co/WSZcC0TaYz,0.0,0.0,0.0,1.0
105,5,@CBS,RT @cbsallaccess: Murder mystery set in a small town? We're in. Rediscover the genius of original #TwinPeaks co-creators @DAVID_LYNCH and @‚Ä¶,-0.5267,0.092,0.188,0.72
106,6,@CBS,New start times for @60Minutes 7:20ET/6:20CT @CBSBigBrother 8:20ET/7:20CT @NCISLA 9:20ET/8:20CT @Elementary_CBS 10:‚Ä¶ https://t.co/Op9VcDsREa,0.0,0.0,0.0,1.0
107,7,@CBS,Clear your schedules for the 100th #PGAChamp! Stream the Final Round LIVE on @cbsallaccess at 2 PM ET across all de‚Ä¶ https://t.co/m6bH2pKTUN,0.4389,0.126,0.0,0.874
108,8,@CBS,The fortune teller you‚Äôll meet this Saturday lived a life of luxury... by scamming her victims out of hundreds of t‚Ä¶ https://t.co/fJo6F2Eo5p,-0.3182,0.0,0.103,0.897
109,9,@CBS,The 100th PGA Championship continues today! Stream it LIVE on @cbsallaccess at 2PM ET across all devices. Try 1 Wee‚Ä¶ https://t.co/jbMg06eOND,0.4926,0.144,0.0,0.856
110,10,@CBS,"To celebrate the 100th PGA Championship, relive some of the tournament's greatest moments with Luke Wilson. 

Don't‚Ä¶ https://t.co/wUuB93smr4",0.8957,0.419,0.0,0.581
111,11,@CBS,"RT @TrueCrimeCBS: When Glenn Walp and Steve Doran uncovered theft at the Los Alamos National Laboratory, they HAD to blow their whistles. W‚Ä¶",0.0,0.0,0.0,1.0
112,12,@CBS,Want to create your own @CBSBigBrother or @TKOCBS meme using one the photos here? It‚Äôs your lucky day! Head over to‚Ä¶ https://t.co/JHJWykNkQT,0.6696,0.255,0.0,0.745
113,13,@CBS,Time to celebrate! Your favorite Daytime shows will premiere with new seasons this fall. See all of the @CBSDaytime‚Ä¶ https://t.co/GNkK4Zf2kD,0.7901,0.28,0.0,0.72
114,14,@CBS,"Love is in the air, and the water! International smash hit #LoveIsland is coming to CBS. https://t.co/nepabuNoSU https://t.co/Cxgvkv463u",0.6696,0.209,0.0,0.791
115,15,@CBS,The Executive Producers of @CBSBigBrother are teaming up with @KingJames and @MavCarter for an unprecedented televi‚Ä¶ https://t.co/V88bDeHmQs,0.0,0.0,0.0,1.0
116,16,@CBS,"RT @cbsallaccess: Executive Producer of Tell Me A Story, @kevwilliamson, says ""What I like about the show, there‚Äôs nothing else on TV like‚Ä¶",0.3612,0.111,0.0,0.889
117,17,@CBS,RT @TheNeighborhood: Feel the love in this new teaser for #TheNeighborhood from the #CBS #TCA18! ü§ó https://t.co/rPmCozH5XP,0.5411,0.219,0.098,0.683
118,18,@CBS,RT @TheNeighborhood: Find out why Cedric the Entertainer and the cast think #TheNeighborhood is the kind of show that everyone can relate t‚Ä¶,0.3818,0.106,0.0,0.894
119,19,@CBS,That's all for our #CBS #TCA18 panels! Tune in this fall to watch all your favorite new shows. üôå https://t.co/hM85o9eRi8,0.5093,0.155,0.0,0.845
120,20,@CBS,"RT @MagnumPICBS: ""If there was ever a time to bring back #MagnumPI, it's now."" - @PLenkov 
#CBS #TCA2018",0.0,0.0,0.0,1.0
121,21,@CBS,"RT @MagnumPICBS: ""There are a lot of easter eggs from the original that fans from the original series will love, and they're peppered throu‚Ä¶",0.8316,0.306,0.0,0.694
122,22,@CBS,"RT @MagnumPICBS: ""What we are trying to do is introduce the show to a new audience...it's going to open it up for anyone that's new and the‚Ä¶",0.0,0.0,0.0,1.0
123,23,@CBS,"RT @MagnumPICBS: ""This has been my white whale since I was a kid. I always loved #MagnumPI. Putting words in Magnum's mouth is something I'‚Ä¶",0.5994,0.157,0.0,0.843
124,24,@CBS,RT @MagnumPICBS: It's #MagnumPI time at the #CBS #TCA2018! Follow along as we live tweet the panel!,0.0,0.0,0.0,1.0
125,25,@CBS,RT @happytogether: Thanks for following along! That concludes the #HappyTogether panel at the #CBS #TCA2018! @MagnumPICBS is up next!,0.5826,0.173,0.0,0.827
126,26,@CBS,"RT @happytogether: Question: Even though you're not playing @Harry_Styles, did you do a Harry crash course?
@itsfelixwot: Absolutely not. C‚Ä¶",-0.5093,0.0,0.202,0.798
127,27,@CBS,"RT @happytogether: ""The show is about marriage, it's about getting a bit older, it's about youthfulness, it's about something happening and‚Ä¶",0.0,0.0,0.0,1.0
128,28,@CBS,"RT @happytogether: ""It's always good to have a little bit of truth in whatever you're making.""- @wayansjr 

#HappyTogether #CBS #TCA2018",0.6041,0.225,0.0,0.775
129,29,@CBS,"RT @happytogether: ""I thought I was still young and cool until I met @itsfelixwot!"" -@AmberoniStevens #HappyTogether #CBS #TCA2018",0.3802,0.147,0.0,0.853
130,30,@CBS,"RT @happytogether: ""We never wanted to create a show where people think ""Oh, did @Harry_Styles do that?"" -@benwinston on emphasizing that #‚Ä¶",-0.2057,0.0,0.083,0.917
131,31,@CBS,RT @happytogether: .@wayansjr is quick to point out that the characters in #HappyTogether are fictional. #CBS #TCA2018,0.0,0.0,0.0,1.0
132,32,@CBS,"RT @happytogether: ""@Harry_Styles became part of the family. We didn't want him to move out."" -@benwinston #CBS #HappyTogether #TCA18",-0.0572,0.0,0.064,0.936
133,33,@CBS,"RT @happytogether: ""It's about Cooper who wants nothing but normality and a boring life, and Jake and Claire, who want more excitement."" -@‚Ä¶",-0.3612,0.059,0.121,0.82
134,34,@CBS,"RT @happytogether: ""It's loosely inspired (by the time @Harry_Styles lived with @benwinston), because if we put what actually happened on t‚Ä¶",0.4939,0.138,0.0,0.862
135,35,@CBS,RT @happytogether: It's time for the #HappyTogether panel at the #CBS #TCA18! Follow along here!,0.0,0.0,0.0,1.0
136,36,@CBS,RT @GodFriendedMe: Thanks for following along during the #GodFriendedMe panel at #CBS #TCA18‚Äî@HappyTogether is up next!,0.4926,0.175,0.0,0.825
137,37,@CBS,"RT @GodFriendedMe: ""You don't have to believe in God to believe in good."" üôå@JOEtheMORTON¬†#GodFriendedMe #CBS",0.2732,0.123,0.0,0.877
138,38,@CBS,RT @GodFriendedMe: ‚ÄúIt‚Äôs incredibly important to us that we‚Äôre not a show that‚Äôs preachy or judgmental. Whether you believe or don‚Äôt believ‚Ä¶,0.2716,0.095,0.0,0.905
139,39,@CBS,"RT @GodFriendedMe: ""Our feet are on the ground. Our characters are not angels, they‚Äôre not heavenly, they‚Äôre just real people. The 'opposin‚Ä¶",-0.4973,0.0,0.133,0.867
140,40,@CBS,RT @GodFriendedMe: Follow along with us as we live-tweet the #GodFriendedMe panel at #CBS #TCA18 with stars @hall_m_brandon @violettbeane @‚Ä¶,0.0,0.0,0.0,1.0
141,41,@CBS,"RT @cbsallaccess: From the writer of Scream, The Vampire Diaries and The Following, comes a modern day twist on classic fairy tales. 

#Tel‚Ä¶",-0.4019,0.0,0.114,0.886
142,42,@CBS,"RT @cbsallaccess: Small town. Big murder. Follow the Money. 

#OneDollar premieres August 30, exclusively on CBS All Access. https://t.co/T‚Ä¶",-0.6908,0.0,0.207,0.793
143,43,@CBS,RT @cbsallaccess: That's a wrap on the #TellMeAStory panel! @GodFriendedMe is up next! #TCA18 #CBSAllAccess,0.0,0.0,0.0,1.0
144,44,@CBS,"RT @cbsallaccess: ""What I love about New York City - besides being the best city in the world - it's textural, it's real, it has everything‚Ä¶",0.8555,0.286,0.0,0.714
145,45,@CBS,RT @cbsallaccess: Who's ready to see @KimCattrall play @daniellemcam's (AKA Little Red Riding Hood) grandmother? #TellMeAStory #TCA18 #CBSA‚Ä¶,0.5994,0.234,0.0,0.766
146,46,@CBS,"RT @cbsallaccess: ""What I like about this show is that there's nothing else on TV like it right now."" -@kevwilliamson #TellMeAStory #TCA18‚Ä¶",0.6124,0.208,0.0,0.792
147,47,@CBS,"RT @MurphyBrownCBS: According to Candice Bergen and Diane English, there's never been a more perfect time to revive #MurphyBrown! https://t‚Ä¶",-0.2748,0.105,0.153,0.742
148,48,@CBS,"RT @MurphyBrownCBS: #MurphyBrown has always been a political show, and that won't change! Read on about how the show plans to cover hot top‚Ä¶",0.0,0.0,0.0,1.0
149,49,@CBS,"RT @FBICBS: ""People are going to get a very realistic view of how that office operates and the stresses. It's a zero-tolerance FBI office.‚Ä¶",-0.4588,0.0,0.125,0.875
150,50,@CBS,Stay tuned for more #CBS #TCA18 action! The @cbsallaccess panel is up next. üëçüèº https://t.co/fcjiEwpaN0,0.0,0.0,0.0,1.0
151,51,@CBS,"RT @FBICBS: #FBIFam, this should cure your #SundayScaries! Check out the #FBI preview that was shown at the #CBS #TCA18 before the panel. h‚Ä¶",0.0,0.0,0.0,1.0
152,52,@CBS,"RT @TheNeighborhood: ""Once we shot the pilot, we knew that we had a great show."" -@CedEntertainer #TheNeighborhood #CBS",0.6249,0.204,0.0,0.796
153,53,@CBS,"RT @TheNeighborhood: ""It was so well done, as far as I was concerned, that it became a no brainer to do the show. I called the next morning‚Ä¶",0.1384,0.098,0.079,0.823
154,54,@CBS,"RT @TheNeighborhood: ""This is a show about people. This is a show about families, neighbors, friendships... At its core, this is a show abo‚Ä¶",0.0,0.0,0.0,1.0
155,55,@CBS,"RT @TheNeighborhood: We're here at the #CBS #TCA18 giving you the inside scoop on #TheNeighborhood with our stars @CedEntertainer, @Tichina‚Ä¶",0.4588,0.182,0.0,0.818
156,56,@CBS,RT @MurphyBrownCBS: That's a wrap on the #MurphyBrown panel at #TCA18! @TheNeighborhood is up next! #CBS,0.0,0.0,0.0,1.0
157,57,@CBS,"RT @MurphyBrownCBS: Diane English reveals ""We have an enormously famous person in our first episode,"" but keeps the secret under wraps! üôä #‚Ä¶",0.0,0.0,0.0,1.0
158,58,@CBS,"RT @MurphyBrownCBS: Diane English talks about how to stay topically relevant while writing scripts ahead of time &amp; also said, ""We have an i‚Ä¶",0.0,0.0,0.0,1.0
159,59,@CBS,RT @MurphyBrownCBS: All the feels! ‚ù§Ô∏è #MurphyBrown returns to #CBS this fall! https://t.co/OvQk3CV49W,0.0,0.0,0.0,1.0
160,60,@CBS,"RT @MurphyBrownCBS: ""It's been very emotional for the old guys... We saw Murphy's townhouse and we all got tears in our eyes."" -Candice Ber‚Ä¶",-0.0018,0.073,0.074,0.853
161,61,@CBS,"Stay tuned, because @MurphyBrownCBS is up next at the #CBS #TCA18! https://t.co/0qdjQiFrwW",0.0,0.0,0.0,1.0
162,62,@CBS,"RT @FBICBS: ‚ÄúEven though I was scared to say yes, it was so clear you don‚Äôt say no. I knew I couldn‚Äôt say no. I couldn‚Äôt be more grateful,‚Ä¶",-0.0602,0.182,0.219,0.599
163,63,@CBS,"RT @FBICBS: What's it like for @JeremySisto coming back to a Dick Wolf show?

""It's one of the most stable ships you can be on... It's exci‚Ä¶",0.1761,0.16,0.105,0.735
164,64,@CBS,"RT @FBICBS: ""We're celebrating the troops on the ground... There are endless stories in there."" - Dick Wolf on why he wanted to focus the s‚Ä¶",0.1027,0.123,0.11,0.767
165,65,@CBS,"RT @FBICBS: ‚ÄúIt‚Äôs really exciting to be here for the first time in a long, long, long, long time.‚Äù - Dick Wolf #CBS #TCA18",0.0498,0.13,0.123,0.746
166,66,@CBS,Celebrate #NationalSistersDay with an iconic group of sisters! Watch how these three became part of The Brady Bunch‚Ä¶ https://t.co/nBVjxl4AbP,0.6114,0.182,0.0,0.818
167,67,@CBS,RT @startrekcbs: Executive Producer Alex Kurtzman and @SirPatStew surprised fans today at #STLV with news that he will be returning to the‚Ä¶,0.2263,0.083,0.0,0.917
168,68,@CBS,Watching a üíØ spin on @PriceIsRight never gets old‚Ä¶especially when it‚Äôs Mila Kunis! https://t.co/NPOukc3jPz,0.0,0.0,0.0,1.0
169,69,@CBS,"RT @TrueCrimeCBS: The chances of successfully blowing the whistle are slim, but did a Wells Fargo personal banker beat the odds?

Find out‚Ä¶",0.6124,0.24,0.0,0.76
170,70,@CBS,Celebrate #NationalAvocadoDay with @letsmakeadeal. ü•ë Relive this #LMAD moment when an avocado wins one amazing deal! https://t.co/QS8GLajWU5,0.9098,0.469,0.0,0.531
171,71,@CBS,"Housewives. PTA moms. School volunteers. Starting TONIGHT, hear the stories of seemingly innocent women who put it‚Ä¶ https://t.co/5TA15OiTuh",0.34,0.124,0.0,0.876
172,72,@CBS,"This is one allowance that can‚Äôt be beat! Kids are winning big this week on @PriceIsRight. üéâ
 https://t.co/lncKu9XvNo",0.5707,0.187,0.0,0.813
173,73,@CBS,"Renowned artists Cher, Philip Glass, Reba McEntire, Wayne Shorter, and the co-creators of #Hamilton will be recogni‚Ä¶ https://t.co/PEjjI9MKE1",0.0,0.0,0.0,1.0
174,74,@CBS,Who's excited for the return of @MurphyBrownCBS? Here's a behind-the-scenes look at the first table read of the sea‚Ä¶ https://t.co/1B5S4WJnCW,0.34,0.118,0.0,0.882
175,75,@CBS,"Mark your calendars because you won‚Äôt want to miss this! Former Secretaries of State @HillaryClinton, @Madeleine, a‚Ä¶ https://t.co/JKDPp97OqN",-0.1511,0.068,0.099,0.834
176,76,@CBS,The cast couldn‚Äôt be more excited to welcome @ansonmount into the @startrekcbs family! Who‚Äôs ready to see the iconi‚Ä¶ https://t.co/fOS4f4VCb2,0.8293,0.34,0.0,0.66
177,77,@CBS,RT @startrekcbs: Stream the full panel &amp; learn all the exclusive details revealed about season 2 of #StarTrekDiscovery at @Comic_Con: https‚Ä¶,0.128,0.073,0.0,0.927
178,78,@CBS,RT @MagnumPICBS: Couldn't make it to San Diego for the #MagnumPI panel? Here's everything you missed at #SDCC2018: https://t.co/Z7IBqF1YJ8‚Ä¶,-0.296,0.0,0.109,0.891
179,79,@CBS,RT @bigbangtheory: The #BigBangTheory writers teased a honeymoon episode and more @YoungSheldon characters in Season 12 while speaking at #‚Ä¶,-0.296,0.0,0.109,0.891
180,80,@CBS,"RT @TrueCrimeCBS: When you find out you‚Äôve been treated with chemo, but you don‚Äôt have cancer. #Whistleblower https://t.co/DAKwu1vcNX",-0.7964,0.0,0.264,0.736
181,81,@CBS,George blew the whistle on a doctor targeting those who believed they had cancer. What was the outcome? Find out to‚Ä¶ https://t.co/rLlNzlK3Cy,-0.6597,0.0,0.18,0.82
182,82,@CBS,"RT @startrekcbs: Discover the next adventure of Starfleet in this first look at the season 2 premiere, coming early 2019. Season 1 is now s‚Ä¶",0.3182,0.095,0.0,0.905
183,83,@CBS,Take a trip down memory lane with the cast and crew of @MagnumPICBS at #SDCC2018! https://t.co/jHVxm7kyaT,0.0,0.0,0.0,1.0
184,84,@CBS,"This @cbsallaccess series is unlike any fairy tale you've ever seen before. @paulwesley, @kevwilliamson &amp;‚Ä¶ https://t.co/icsSnPxKAr",0.0,0.0,0.0,1.0
185,85,@CBS,ü§∞üë©‚Äçüëßüö´üç∏ #WorldEmojiDay,0.0,0.0,0.0,1.0
186,86,@CBS,üë®üìù‚úîÔ∏è¬†#WorldEmojiDay,0.0,0.0,0.0,1.0
187,87,@CBS,üë©‚Äçüíºüíºüá∫üá∏¬†#WorldEmojiDay,0.0,0.0,0.0,1.0
188,88,@CBS,üïµÔ∏èüïµÔ∏è‚Äç‚ôÄÔ∏è¬†#WorldEmojiDay,0.0,0.0,0.0,1.0
189,89,@CBS,‚öìÔ∏èü¶Öüá∫üá∏¬†#WorldEmojiDay,0.0,0.0,0.0,1.0
190,90,@CBS,üèÑüå¥üöî¬†#WorldEmojiDay,0.0,0.0,0.0,1.0
191,91,@CBS,üíôüëÆüçΩ¬†#WorldEmojiDay,0.0,0.0,0.0,1.0
192,92,@CBS,üí£üìé¬†#WorldEmojiDay,0.0,0.0,0.0,1.0
193,93,@CBS,üåé‚òÑÔ∏è¬†#WorldEmojiDay,0.0,0.0,0.0,1.0
194,94,@CBS,üè∑üí∞üé∞¬†#WorldEmojiDay,0.0,0.0,0.0,1.0
195,95,@CBS,üë∂üò¥üö´¬†#WorldEmojiDay,0.0,0.0,0.0,1.0
196,96,@CBS,ü§ùüíºüí∞¬†#WorldEmojiDay,0.0,0.0,0.0,1.0
197,97,@CBS,üíÑüë†üì∑¬†#WorldEmojiDay,0.0,0.0,0.0,1.0
198,98,@CBS,üèùüî•üíµ¬†#WorldEmojiDay,0.0,0.0,0.0,1.0
199,99,@CBS,üêÆ‚öñÔ∏è¬†#WorldEmojiDay,0.0,0.0,0.0,1.0
200,0,@CNN,"For $3.5 million, you'll soon be able to buy your very own silver 1964 Aston Martin DB5 just like the one Sean Conn‚Ä¶ https://t.co/4rw0qqqUjD",0.3612,0.098,0.0,0.902
201,1,@CNN,"""She would not want this to be used as fuel against undocumented immigrants"": Some of Mollie Tibbetts' family don't‚Ä¶ https://t.co/oxrmXX1Yfz",-0.0572,0.0,0.06,0.94
202,2,@CNN,How McDonald's solved its Happy Meal problem https://t.co/YKJ2jf4sBC https://t.co/uVEcxeI9Ro,0.4767,0.4,0.186,0.414
203,3,@CNN,"President Trump questions how he could be impeached when he's made strides improving the economy: ""I don't know how‚Ä¶ https://t.co/XTwpslVDP4",0.4215,0.128,0.0,0.872
204,4,@CNN,Time Magazine's latest Trump cover shows a depiction of the President drowning in the Oval Office‚Ä¶ https://t.co/BQAGMWwywK,0.0,0.0,0.0,1.0
205,5,@CNN,"Eugene Scalia, the eldest of the late Justice Antonin Scalia's nine children, believes that Washington could learn‚Ä¶ https://t.co/RFGkgXiDqa",0.5267,0.167,0.0,0.833
206,6,@CNN,"Rudy Giuliani says if President Trump were impeached, ""the American people would revolt"" https://t.co/hb2MLj3upm https://t.co/bBUrdODd48",0.0,0.0,0.0,1.0
207,7,@CNN,RT @CNNTonight: Former Director of National Intelligence James Clapper says he doesn't believe President Trump takes the threat of Russia s‚Ä¶,-0.0772,0.122,0.133,0.745
208,8,@CNN,Scott Morrison set to become Australia's 30th prime minister following a leadership vote that ends a week of chaos‚Ä¶ https://t.co/M75hEi2QvJ,0.0,0.0,0.0,1.0
209,9,@CNN,"For the first time, scientists have uncovered direct evidence of water ice on the surface of the moon's polar regio‚Ä¶ https://t.co/SPCxq005JG",0.0,0.0,0.0,1.0
210,10,@CNN,Authorities in Arizona discovered $1 million in drugs during a traffic stop -- and officials say that led them to a‚Ä¶ https://t.co/umTghceOuH,-0.296,0.0,0.099,0.901
211,11,@CNN,JUST IN: Former treasurer Scott Morrison looks set to become Australia's 30th Prime Minister following a leadership‚Ä¶ https://t.co/hydaCRFfxr,0.128,0.086,0.0,0.914
212,12,@CNN,California lawmakers vote to wipe out old pot convictions https://t.co/gyDezrH3sv https://t.co/YoGPgZeIUh,0.0,0.0,0.0,1.0
213,13,@CNN,Trump says impeachment would crash the stock market. Some on Wall Street disagree. https://t.co/eAq6uGD7Bc https://t.co/I4O6ndoADJ,-0.6486,0.0,0.29,0.71
214,14,@CNN,"Siraj Wahhaj, one of five people arrested after emaciated children were found on a New Mexico compound, will not be‚Ä¶ https://t.co/yvRi0Ml8AO",-0.4767,0.0,0.14,0.86
215,15,@CNN,RT @CNNTonight: National Enquirer publisher David Pecker was granted immunity in the Michael Cohen probe in exchange for information on hus‚Ä¶,0.25,0.091,0.0,0.909
216,16,@CNN,"""One by one, the naval aviators and journalists lost contact with the outside world, dropping our cell phones into‚Ä¶ https://t.co/1c6TnsuWYG",-0.3182,0.0,0.108,0.892
217,17,@CNN,A federal judge in Boston said ICE shouldn't remove people who are in the process of applying for green cards just‚Ä¶ https://t.co/hBMHn90oWG,0.0,0.0,0.0,1.0
218,18,@CNN,The 36 most outrageous lines in Donald Trump's Fox News interview | Analysis by @CillizzaCNN https://t.co/Tx38DptECw https://t.co/mYCCrvGrNr,-0.5095,0.0,0.18,0.82
219,19,@CNN,"RT @CuomoPrimeTime: .@ChrisCuomo to @KellyannePolls: When it comes to the NFL anthem controversy, last time I checked there are few things‚Ä¶",0.0,0.0,0.0,1.0
220,20,@CNN,"RT @OutFrontCNN: The Internet calls out President Trump's tweet at 1 a.m. 
CNN's Jeanne Moos has more. https://t.co/5rq2weWihE https://t.co‚Ä¶",0.0,0.0,0.0,1.0
221,21,@CNN,What's behind Trump's concern for white farmers in South Africa? | Analysis by CNN's Z. Byron Wolf‚Ä¶ https://t.co/Ltb13LYwhj,0.0,0.0,0.0,1.0
222,22,@CNN,Hurricane Lane brings 19 inches of rain to parts of Hawaii https://t.co/kWFrCpdc9B https://t.co/R4BC7Xx8jr,0.0,0.0,0.0,1.0
223,23,@CNN,"Episode 5 of ‚ÄúRBG: Beyond Notorious‚Äù takes us back to the ‚Äò70s, when Justice Ginsburg was a self-proclaimed ‚Äúflamin‚Ä¶ https://t.co/jgGARwon6L",0.5267,0.167,0.0,0.833
224,24,@CNN,"Indicted Rep. Duncan Hunter seemed to shift any blame onto his wife, Margaret, for alleged campaign fund abuses, sa‚Ä¶ https://t.co/T0zdXgRuqZ",-0.7184,0.0,0.25,0.75
225,25,@CNN,President Donald Trump has tabled a criminal justice package being pushed by a group of lawmakers and his son-in-la‚Ä¶ https://t.co/bCceabdTaJ,0.0,0.149,0.149,0.702
226,26,@CNN,The Cheyenne Police department said it has reopened an investigation into sex abuse allegations against an unnamed‚Ä¶ https://t.co/oTNGv6Kb1M,-0.6369,0.0,0.198,0.802
227,27,@CNN,SpaceX's Crew Dragon is designed to get NASA astronauts to the International Space Station after being launched fro‚Ä¶ https://t.co/5enXvrAQOL,0.128,0.077,0.0,0.923
228,28,@CNN,"RT @AC360: Dr. @CornelWest: ‚ÄúWe used to say in my church, if the Kingdom of God is within you, everywhere you go you ought to leave a littl‚Ä¶",0.2263,0.074,0.042,0.883
229,29,@CNN,"The world's 100 greatest places for 2018, according to TIME magazine https://t.co/5Oh7BZ8jg7 via @CNNTravel https://t.co/Clr9e1AnXk",0.6369,0.231,0.0,0.769
230,30,@CNN,"Meet SpotMini, the robotic dog seeking a job. It's designed to thrive in fields such as construction or security, b‚Ä¶ https://t.co/adWd0aOfI3",0.34,0.112,0.0,0.888
231,31,@CNN,"RT @CuomoPrimeTime: ‚ÄúYou should admit he's lying, and you don't, and that's why people don't trust you.‚Äù CNN‚Äôs @ChrisCuomo clashes with Cou‚Ä¶",-0.6488,0.067,0.227,0.706
232,32,@CNN,"""Saving Nemo""? This is how Australian schools are working to protect the clownfish https://t.co/CQWz4QuiFG https://t.co/L2FvRvVwWa",0.3818,0.157,0.0,0.843
233,33,@CNN,"Chinese tech giant Tencent is like Facebook, Instagram, WhatsApp, Spotify and Snapchat all rolled into one $500,000‚Ä¶ https://t.co/4PQoydUgKM",0.3612,0.128,0.0,0.872
234,34,@CNN,"RT @AC360: .@carlbernstein: ‚ÄúWe have now seen, in its naked ugliness, the instinctive lawlessness of this President‚Ä¶ The stench of the sewa‚Ä¶",-0.7906,0.0,0.259,0.741
235,35,@CNN,Republicans return to familiar posture during Trump's week of drama https://t.co/TBlcFWNVMS https://t.co/yutRYQrYMB,0.0,0.0,0.0,1.0
236,36,@CNN,"Following the success of the movie ""Finding Nemo,"" clownfish have become popular pets. Now, kids in Australia are b‚Ä¶ https://t.co/Jz0BOAZuvq",0.7579,0.265,0.0,0.735
237,37,@CNN,"For $3.5 million, you'll soon be able to buy your very own silver 1964 Aston Martin DB5 just like the one Sean Conn‚Ä¶ https://t.co/VdAdJaNtyJ",0.3612,0.098,0.0,0.902
238,38,@CNN,A homeless college graduate was spotted handing out his resume on the street. He just landed a software engineering‚Ä¶ https://t.co/KSh15FmPBO,0.0,0.0,0.0,1.0
239,39,@CNN,House Oversight Chairman Trey Gowdy asks Secretary of Defense James Mattis for answers on the Pentagon spokeswoman‚Ä¶ https://t.co/p5Yv7FbEFU,0.128,0.081,0.0,0.919
240,40,@CNN,Lawyer. Justice. Grandmother. Get to know the personal side of Supreme Court Justice Ruth Bader Ginsburg in‚Ä¶ https://t.co/ygwbhqduGw,0.886,0.409,0.0,0.591
241,41,@CNN,More than 500 people are sick from an outbreak of a gastrointestinal illness called cyclosporiasis that has been li‚Ä¶ https://t.co/LzPJk3xla4,-0.7184,0.0,0.261,0.739
242,42,@CNN,"RT @AC360: .@carlbernstein: ‚ÄúWe have now seen, in its naked ugliness, the instinctive lawlessness of this President‚Ä¶ The stench of the sewa‚Ä¶",-0.7906,0.0,0.259,0.741
243,43,@CNN,"A 50,000-year-old bone fragment discovered in a Russian cave represents the first-known remains of a child that had‚Ä¶ https://t.co/GxuX7akRrl",0.0,0.0,0.0,1.0
244,44,@CNN,"RT @AC360: .@andersoncooper: ‚ÄúSomewhere former mob boss, John Gotti, rotting in his grave, must be smiling because the President‚Ä¶ is now on‚Ä¶",0.1027,0.117,0.102,0.781
245,45,@CNN,"""We cannot let Brett Kavanaugh have the final word on our rights,"" writes Lilly Ledbetter, who says the Supreme Cou‚Ä¶ https://t.co/0DLCZL3A3C",0.5574,0.153,0.0,0.847
246,46,@CNN,Jaguar has announced it will make a series of all-electric Jaguar E-Type sports cars https://t.co/FHeWQP8vpM https://t.co/MRPT57R64s,0.0,0.0,0.0,1.0
247,47,@CNN,"RT @OutFrontCNN: ""Can I stand up in defense of poor Vice President Pence, who evidently President Trump is implying would not be able to as‚Ä¶",-0.3818,0.056,0.117,0.827
248,48,@CNN,The Senate has approved a massive $850 billion spending package https://t.co/ZwkfhV3mQ8 https://t.co/IRsOzcnaDh,0.4215,0.219,0.0,0.781
249,49,@CNN,The man accused of fatally shooting 15-year-old Hadiya Pendleton was found guilty of murder in Chicago https://t.co/zRdooyJ2e0,-0.9313,0.0,0.517,0.483
250,50,@CNN,How have Americans fared financially under Trump? Depends on who you are. https://t.co/X50NnPAL9Y https://t.co/WdHCwXD7Sl,0.0,0.0,0.0,1.0
251,51,@CNN,Amazon has banned a book that provides the code needed to 3D print a handgun https://t.co/IH8DbYMKnF https://t.co/PyuZrOnVLw,-0.3182,0.096,0.169,0.734
252,52,@CNN,Donald Trump's very dramatic case against impeachment | Analysis by @CillizzaCNN https://t.co/3rIzIMrFDk https://t.co/kxaBieK9H7,0.0,0.0,0.0,1.0
253,53,@CNN,"RT @OutFrontCNN: Jeff Sessions fires back at President Trump: ""I took control of the Department of Justice the day I was sworn in... While‚Ä¶",0.5267,0.134,0.0,0.866
254,54,@CNN,A federal judge ordered the release of a 1999 report looking into leaks of grand jury secrets during the investigat‚Ä¶ https://t.co/3QcU251vgn,0.4588,0.143,0.0,0.857
255,55,@CNN,A newly released report on the Ken Starr investigation leaks does not mention Supreme Court nominee Brett Kavanaugh‚Ä¶ https://t.co/JPs2xzZoOL,-0.4449,0.0,0.147,0.853
256,56,@CNN,Mick Mulvaney's long history with a key consumer tool is putting its future in doubt https://t.co/008mLCp1Hu https://t.co/gU7fd9LdQN,-0.3612,0.0,0.143,0.857
257,57,@CNN,How McDonald's solved its Happy Meal problem https://t.co/YKJ2jf4sBC https://t.co/vWx9xssP2n,0.4767,0.4,0.186,0.414
258,58,@CNN,Sony's popular robot dog Aibo is returning to the US for the first time since 2006 https://t.co/s5roGnzJ4y https://t.co/jEtnM5RNUQ,0.4215,0.141,0.0,0.859
259,59,@CNN,"RT @OutFrontCNN: Stu Zakim, former SVP at American Media Inc., the parent company of the National Enquirer, says he never thought David Pec‚Ä¶",0.0,0.0,0.0,1.0
260,60,@CNN,"Lynyrd Skynyrd guitarist Ed King, who co-wrote the hit ""Sweet Home Alabama,"" has died https://t.co/L4O6JSlvP4 https://t.co/8tFQux9Yha",-0.1531,0.146,0.175,0.68
261,61,@CNN,"Alcohol was responsible for nearly 3 million deaths in 2016, the study says.

It was the leading risk factor for di‚Ä¶ https://t.co/VEtfjMgat8",0.0516,0.098,0.09,0.812
262,62,@CNN,"There's no amount of liquor, wine or beer that is safe for your overall health, a global study says‚Ä¶ https://t.co/sy1ORFZT5d",0.1779,0.131,0.1,0.769
263,63,@CNN,Saudi Arabia's giant oil company Aramco may go down as the biggest IPO that never was https://t.co/BOFwuMhkMO https://t.co/QgWqhPEgvi,0.0,0.0,0.0,1.0
264,64,@CNN,"Just days after 250 protesters knocked over the Silent Sam statue on the UNC campus in Chapel Hill, North Carolina‚Ä¶ https://t.co/m4FWVh176j",-0.2263,0.0,0.087,0.913
265,65,@CNN,LIVE NOW: The head of Hawaii's Emergency Management Agency speaks with @andersoncooper on 'Full Circle' about what‚Ä¶ https://t.co/2JSEmwlvkG,-0.3818,0.0,0.133,0.867
266,66,@CNN,A new Treasury rule will prevent attempts to work around the cap on state and local tax deduction. The cap was one‚Ä¶ https://t.co/mTe9bePBFy,0.2263,0.127,0.0,0.873
267,67,@CNN,"Hurricane Lane is the biggest weather threat to Hawaii in decades. Tonight, the head of Hawaii's Emergency Manageme‚Ä¶ https://t.co/adeEQI8GmK",-0.7184,0.0,0.261,0.739
268,68,@CNN,"RT @CNNSitRoom: One of the jurors from Paul Manafort's trial said that although she ""did not want Manafort to be guilty,"" the evidence was‚Ä¶",-0.0572,0.0,0.05,0.95
269,69,@CNN,Mollie Tibbetts' case has raised safety questions for women runners https://t.co/DGu2apS6O1 https://t.co/N3F0GTDDXz,0.4215,0.203,0.0,0.797
270,70,@CNN,Starbucks is testing a program that will allow some employees to spend half of their workweek at a local nonprofit‚Ä¶ https://t.co/M7VCiYCavs,0.2263,0.095,0.0,0.905
271,71,@CNN,Elon Musk thinks he could take Tesla private at $420 a share. But one Tesla investor thinks that's a bad idea -- be‚Ä¶ https://t.co/Laf9JXdKQp,-0.3182,0.086,0.136,0.778
272,72,@CNN,Facebook removes a Syrian war page it believes is linked to Russian intel; Twitter keeps it online‚Ä¶ https://t.co/SBrMwbBByu,-0.5994,0.0,0.196,0.804
273,73,@CNN,"Rudy Giuliani says if President Trump were impeached, ""the American people would revolt"" https://t.co/3BqTUQ14J3 https://t.co/pkQPq0TJNF",0.0,0.0,0.0,1.0
274,74,@CNN,"RT @TheLeadCNN: What would you have done if you were Bill Clinton?

Trump in 1999:
‚ÄúHe could have come clean, or he should never have answe‚Ä¶",0.4019,0.097,0.0,0.903
275,75,@CNN,"Russian trolls and Twitter bots amplified online debates about vaccines between 2014 and 2017, a new study suggests‚Ä¶ https://t.co/OyfAqaQ6mU",0.0,0.0,0.0,1.0
276,76,@CNN,"Eagles have the top-selling album in US history, clarifying previous tweet https://t.co/EQcGY4S2pv",0.0,0.0,0.0,1.0
277,77,@CNN,"The White House could tweet about cases besides Mollie Tibbetts, Alice Driver writes via @CNNOpinion‚Ä¶ https://t.co/SnjMuIAhXP",0.0,0.0,0.0,1.0
278,78,@CNN,"Embattled Republican Rep. Duncan Hunter has agreed to step down from his congressional committee assignments, a Rep‚Ä¶ https://t.co/Gb2UOFHdBv",0.2732,0.116,0.0,0.884
279,79,@CNN,"RT @CNNnewsroom: ""This is cowardly back-stabbing against an Attorney General who has shown enormous integrity and backbone in standing up t‚Ä¶",0.0,0.107,0.107,0.785
280,80,@CNN,Duncan Hunter's deluded defense could be the new normal in the Trump era | Analysis by @CillizzaCNN‚Ä¶ https://t.co/kbfw73qWiV,0.128,0.086,0.0,0.914
281,81,@CNN,"Airbnb has added the first woman to its board, fulfilling a pledge CEO Brian Chesky made earlier this year to add f‚Ä¶ https://t.co/CCNta4Ngpe",0.0,0.0,0.0,1.0
282,82,@CNN,"RT @AC360: Hurricane Lane is the biggest weather threat to Hawaii in decades. Tonight, the head of Hawaii's Emergency Management Agency joi‚Ä¶",-0.7184,0.0,0.231,0.769
283,83,@CNN,A preliminary autopsy on Mollie Tibbetts' body determined that her death was a homicide resulting from multiple sha‚Ä¶ https://t.co/TwesHKDzvJ,-0.3612,0.113,0.183,0.704
284,84,@CNN,RT @CNNMoney: Markets edge lower. Dow falls 77 points. S&amp;P 500 dips 0.2%. Victoria's Secret owner L Brands sinks 11% after slashing outlook‚Ä¶,-0.5106,0.0,0.177,0.823
285,85,@CNN,"Some of the Arctic's oldest ice has been replaced by miles of open water for the first time on record, satellite im‚Ä¶ https://t.co/qtqzjJNB5X",0.0,0.0,0.0,1.0
286,86,@CNN,"Episode 5 of ‚ÄúRBG: Beyond Notorious‚Äù takes us back to the ‚Äò60s, when Justice Ginsburg was a self-proclaimed ‚Äúflamin‚Ä¶ https://t.co/jeu4hsJD3x",0.5267,0.167,0.0,0.833
287,87,@CNN,"CBS series ""Hawaii Five-0"" and ""Magnum P.I."" have shut down their Hawaii-based productions ahead of the expected la‚Ä¶ https://t.co/KvYtE2LRtV",0.0,0.0,0.0,1.0
288,88,@CNN,"McDonald's Happy Meal has come a long way after facing customer backlash, lawsuits and efforts to ban toys from the‚Ä¶ https://t.co/dEHin139Ea",-0.128,0.143,0.201,0.656
289,89,@CNN,"GOP Rep. Duncan Hunter and his wife, Margaret, pleaded not guilty to federal charges they stole a quarter million d‚Ä¶ https://t.co/em5SL43hNK",0.0598,0.104,0.094,0.802
290,90,@CNN,"RT @CNNnewsroom: GOP Rep. Ryan Costello on Jeff Sessions firing back at Trump: ""Loyalty is not the test for an Attorney General. Fidelity t‚Ä¶",0.2732,0.125,0.086,0.789
291,91,@CNN,"A photocopied version of the jury's original handwritten verdict form, released Thursday by the federal court, conf‚Ä¶ https://t.co/d4MOKx5ypp",0.4404,0.206,0.0,0.794
292,92,@CNN,"When Paul Manafort's jury of 12 Northern Virginians couldn't reach a unanimous agreement on 10 criminal charges, it‚Ä¶ https://t.co/tZmryXED5Z",-0.8021,0.0,0.397,0.603
293,93,@CNN,"RT @CNNnewsroom: Rep. Ryan Costello: Trump ""wants an attorney general that's going to protect him from what he views as an illegitimate inv‚Ä¶",0.3818,0.106,0.0,0.894
294,94,@CNN,Jeff Sessions finally punches back at Donald Trump -- hard | Analysis by @CillizzaCNN https://t.co/DQrdsjgKAz,-0.1027,0.0,0.097,0.903
295,95,@CNN,President Trump's story on hush money payments to silence women keeps changing https://t.co/blNyPr87WD https://t.co/32mkKTCtrE,0.0,0.0,0.0,1.0
296,96,@CNN,National Enquirer publisher David Pecker was granted immunity in the Michael Cohen probe in exchange for informatio‚Ä¶ https://t.co/05Ft0FW8pE,0.25,0.105,0.0,0.895
297,97,@CNN,California lawmakers vote to wipe out old pot convictions https://t.co/UM7NMHPXel https://t.co/c3H5cjpBIF,0.0,0.0,0.0,1.0
298,98,@CNN,Sen. Lindsey Graham says President Trump could replace Attorney General Jeff Sessions after the midterm elections i‚Ä¶ https://t.co/kCN36gYj1Z,0.0,0.0,0.0,1.0
299,99,@CNN,"When she was denied a minimally invasive brain surgery that promised to end her seizures, this teenager had a blunt‚Ä¶ https://t.co/t9i7nl0TaM",-0.1027,0.112,0.129,0.759
300,0,@FoxNews,"Chicago's predatory funeral homes target homicide victims, cash in on taxpayer-funded expenses. https://t.co/QAPAJg7KMz",-0.5859,0.0,0.304,0.696
301,1,@FoxNews,Homeless veteran who helped stranded woman says he can't get GoFundMe cash from couple. https://t.co/RtwAf5KOO1,0.0,0.0,0.0,1.0
302,2,@FoxNews,"Missing Seattle hiker's family, friends remain hopeful despite suspension of search operations. https://t.co/NMtxw1CkOY",0.6369,0.344,0.118,0.538
303,3,@FoxNews,A group of whale watchers got a thrill when a humpback whale got awfully close during their tour in Alaska.‚Ä¶ https://t.co/hQaAZiZfts,0.3612,0.128,0.0,0.872
304,4,@FoxNews,".@ainsleyearhardt: ""What grade do you give yourself so far?""

President @realDonaldTrump: ""So I give myself an A+."" https://t.co/EJabjaiy8f",0.0,0.0,0.0,1.0
305,5,@FoxNews,.@HillaryClinton back on the campaign trail for Democratic fundraisers. https://t.co/Vdd5dcEiwz,0.0,0.0,0.0,1.0
306,6,@FoxNews,Two @YonkersPD officers jumped right in to see who would win a double dutch face-off. https://t.co/QJPENc0Zhx,0.5859,0.213,0.0,0.787
307,7,@FoxNews,32 children's medicines recalled over contamination. https://t.co/olNMyK5Ezq,0.0,0.0,0.0,1.0
308,8,@FoxNews,Attorney for Mollie Tibbetts' suspected killer Cristhian Rivera fights back https://t.co/I3ESBbeCre,-0.836,0.0,0.527,0.473
309,9,@FoxNews,"Utah mom confronts man peeping under 12-year-old girl's dressing room: 'Not today, buddy!' https://t.co/jsoNrN9v71",-0.2942,0.0,0.144,0.856
310,10,@FoxNews,Golden State Killer suspect faces consolidated charges. https://t.co/7tF4moNqKX,-0.8225,0.0,0.632,0.368
311,11,@FoxNews,DiGenova: Sessions 'Doesn't Understand His Job' and 'Should Resign After Elections' https://t.co/275NT8NAsD,-0.34,0.0,0.179,0.821
312,12,@FoxNews,Second man convicted in killing of Chicago honor student. https://t.co/G61lPosfmT,-0.296,0.205,0.282,0.513
313,13,@FoxNews,Cop adopts dog rescued from California wildfires. https://t.co/Fg92yBvjYY,0.5423,0.429,0.0,0.571
314,14,@FoxNews,"""CALL YOUR MOM"": Singer @Pink stopped a recent concert to hug a young fan who recently lost her mother.‚Ä¶ https://t.co/31C18sXQev",0.296,0.229,0.178,0.593
315,15,@FoxNews,"Hurricane Lane threatens Hawaii as Category 3 storm; campers trapped in valley, officials say. https://t.co/Y8eFwArFxy",-0.7184,0.0,0.333,0.667
316,16,@FoxNews,New Air Force B-2 ‚Äòearth penetrating‚Äô nuclear weapon changes combat strategy. https://t.co/LaUCxLOngi,-0.5574,0.0,0.315,0.685
317,17,@FoxNews,".@UN Ambassador @nikkihaley urged all countries on Thursday to ensure that ISIS and al-Qaeda face ""an enduring defe‚Ä¶ https://t.co/ygr7tCwjA0",0.3818,0.126,0.0,0.874
318,18,@FoxNews,"Joseph diGenova: ""After the next election, Jeff [Sessions] should give the president the courtesy of a resignation.‚Ä¶ https://t.co/SAAuWTEyEe",0.3612,0.135,0.0,0.865
319,19,@FoxNews,"Joseph diGenova: ""The President of the United States was and is entitled to a fully-engaged attorney general. He ha‚Ä¶ https://t.co/WJP2NAaqsU",0.5994,0.224,0.0,0.776
320,20,@FoxNews,"Police union offers $500 rewards for helping cops, says it's not aimed to create 'vigilantes' https://t.co/1N1Udimhs2",0.5402,0.263,0.09,0.646
321,21,@FoxNews,"RT @FoxNewsResearch: US-China Standoff
- implemented tariffs

‚Üí US &amp; China have each imposed tariffs worth $50 billion

üá∫üá∏7/6: US puts tari‚Ä¶",0.1531,0.09,0.061,0.849
322,22,@FoxNews,.@jasoninthehouse: Mollie Tibbetts murder proves Congress must act on border wall now  https://t.co/7o9KoUOSRh,-0.6908,0.0,0.281,0.719
323,23,@FoxNews,"Rep. Duncan Hunter calls indictment 'pure politics,' denies using campaign funds for personal expenses https://t.co/Ck0EQ6JGn8",-0.4215,0.0,0.167,0.833
324,24,@FoxNews,Michael Avenatti makes surprise visit to DNC summer meeting https://t.co/KWw1lL3yQJ,0.2732,0.189,0.0,0.811
325,25,@FoxNews,"UPDATE: A supermarket staffer is being showered in good karma, having received a new car and nearly $130,000 for co‚Ä¶ https://t.co/baOpdmu10q",0.4404,0.139,0.0,0.861
326,26,@FoxNews,"South Carolina man accused of wanting child 'sex slave,' writing about cannibalism 'passions' given probation https://t.co/8vuaCuYoq5",-0.296,0.0,0.128,0.872
327,27,@FoxNews,UPDATE: Hurricane Lane threatens Hawaii as Category 3 storm; campers reported trapped in valley. https://t.co/Ex3lWBEVCJ,-0.7184,0.0,0.333,0.667
328,28,@FoxNews,"Starbucks employees will be paid for community service in newly launched program.
https://t.co/QlfnixBkF0",0.128,0.111,0.0,0.889
329,29,@FoxNews,"Hawaii campers trapped in valley as Hurricane Lane approaches, officials say.
https://t.co/w2SGpAYbMe",-0.5267,0.0,0.236,0.764
330,30,@FoxNews,A group of whale watchers got a thrill when a humpback whale got awfully close during their tour in Alaska.‚Ä¶ https://t.co/g9HB0SYUwp,0.3612,0.128,0.0,0.872
331,31,@FoxNews,"RT @FoxBusiness: Thomas Homan, Former Acting ICE Director: ""We're a sovereign nation. We have a right to protect our borders. I can't blame‚Ä¶",0.3818,0.12,0.0,0.88
332,32,@FoxNews,Hundreds of Parisian goldfish can just keep swimming thanks to the aquarium that is giving these unwanted pets a ne‚Ä¶ https://t.co/m9Zdq3lyOm,0.5267,0.219,0.079,0.702
333,33,@FoxNews,"Nearly 40,000 giraffe parts, products sent to US over last decade, study finds. https://t.co/LfGVJQtYwE",0.0,0.0,0.0,1.0
334,34,@FoxNews,Texas man bitten by shark has flesh-eating bacteria related to attack. https://t.co/ZAWJMNuUNl,-0.4767,0.0,0.22,0.78
335,35,@FoxNews,".@guypbenson on Dems trying to delay Kavanaugh hearing: ""The fact of the matter is, [@POTUS] was duly elected, he's‚Ä¶ https://t.co/suixjx10gi",-0.296,0.051,0.107,0.841
336,36,@FoxNews,OPINION: China will surpass US to be world's largest economy ‚Äî it's time for us to shift gears. https://t.co/hBTFQIE2kj,0.0,0.0,0.0,1.0
337,37,@FoxNews,"Tibbetts murder suspect eluded a flawed system, says Melania Trump's immigration lawyer. https://t.co/hrScw9Cybo",-0.7845,0.0,0.408,0.592
338,38,@FoxNews,Worker injured inspecting Fire Ball ride at Kentucky State Fair https://t.co/TSraNiqhOM,-0.4215,0.149,0.331,0.519
339,39,@FoxNews,".@RepSwalwell: ""We should not lead with impeachment, we should lead with the issues that @realDonaldTrump promised‚Ä¶ https://t.co/q0LfDAXwfM",0.0,0.0,0.0,1.0
340,40,@FoxNews,"""The situation he's involved with concerning his status has nothing to do with the situation that unfortunately hap‚Ä¶ https://t.co/vWikD65pX2",-0.34,0.0,0.118,0.882
341,41,@FoxNews,Yellowstone bison taunter reportedly sentenced to jail https://t.co/bk0fgyZa4i,-0.0258,0.0,0.136,0.864
342,42,@FoxNews,".@Rep_Hunter on charges of misusing campaign funds: ""The Department of Justice throwing out a bunch of campaign exp‚Ä¶ https://t.co/XT3yVSv1KV",0.3182,0.158,0.098,0.744
343,43,@FoxNews,".@Rep_Hunter on charges of misusing campaign funds: ""I've never used any money, any campaign money, to do anything.‚Ä¶ https://t.co/m45GWegWXI",-0.2732,0.0,0.104,0.896
344,44,@FoxNews,".@Rep_Hunter on charges of misusing campaign funds: ""My campaign did make mistakes. There was money spent on things‚Ä¶ https://t.co/jHZSa9Zz2B",-0.5574,0.0,0.213,0.787
345,45,@FoxNews,"Chicago's predatory funeral homes target homicide victims, cash in on taxpayer-funded expenses.  https://t.co/QAPAJg7KMz",-0.5859,0.0,0.304,0.696
346,46,@FoxNews,Senate approves spending bill without provision to ban arming teachers. https://t.co/wFNELt0Ap7,0.6832,0.385,0.0,0.615
347,47,@FoxNews,Yellowstone bison taunter reportedly sentenced to jail.  https://t.co/9KFg3PCVDc,-0.0258,0.0,0.136,0.864
348,48,@FoxNews,XXXTentacion's mother Cleopatra Bernard reveals gender of slain rapper's unborn baby. https://t.co/UM3Jw1VoKQ,0.0,0.0,0.0,1.0
349,49,@FoxNews,"John Lennon's killer, Mark David Chapman, denied parole for 10th time. https://t.co/3EFhTkA9fr",-0.802,0.0,0.419,0.581
350,50,@FoxNews,California Republican Congressman Duncan Hunter has agreed to step down from his congressional committees after fac‚Ä¶ https://t.co/ynHPGnDzxZ,0.2732,0.116,0.0,0.884
351,51,@FoxNews,Democratic Texas U.S. Senate Candidate @BetoORourke slammed for saying there's 'nothing more American' than kneelin‚Ä¶ https://t.co/nvvl5T5TvS,0.0,0.0,0.0,1.0
352,52,@FoxNews,More from the latest Fox News Poll: Voters split 45-46 percent on confirming Kavanaugh to high court. https://t.co/wyWgVxVktp,0.0,0.0,0.0,1.0
353,53,@FoxNews,Latest Fox News Poll: Voters continue to prefer a pathway to citizenship. https://t.co/HOVy2rmuGz,0.0,0.0,0.0,1.0
354,54,@FoxNews,TUNE IN: @leebrice performs LIVE as part of the @foxandfriends All-American Summer Concert Series. Tune in to Fox N‚Ä¶ https://t.co/wW6cBgcnBG,0.0,0.0,0.0,1.0
355,55,@FoxNews,Attorney General Jeff Sessions fired back Thursday at @POTUS for saying he ‚Äúnever took control of the Justice Depar‚Ä¶ https://t.co/uEJiWKdSKG,-0.0516,0.136,0.144,0.72
356,56,@FoxNews,RT @FoxBusiness: Market crash if Trump is impeached? Market guru says no  https://t.co/93EQ49nJM9,-0.5994,0.0,0.308,0.692
357,57,@FoxNews,SUNDAY: Music icon @WillieNelson sits down with @HarveyLevinTMZ to discuss his legacy and legendary exploits. Tune‚Ä¶ https://t.co/jmCwtzxhKo,-0.34,0.0,0.13,0.87
358,58,@FoxNews,.@greggutfeld on criminalizing kids walking alone. #TheFive https://t.co/XLolcwnBbd,-0.25,0.0,0.222,0.778
359,59,@FoxNews,"Kourtney Kardashian's ex Younes Bendjima beats restaurant employee as Drake, Odell Beckham Jr. watch in new video:‚Ä¶ https://t.co/VkThOzbvZN",0.0,0.0,0.0,1.0
360,60,@FoxNews,"Man, 83, ‚Äòstopped‚Äô on Arizona freeway after reports of a golf cart driving the wrong way, officials say https://t.co/QsdCuEKNvU",-0.4404,0.059,0.153,0.788
361,61,@FoxNews,"Utah mom confronts man peeping under 12-year-old girl's dressing room: 'Not today, buddy!' https://t.co/AYzqm3a8dz",-0.2942,0.0,0.144,0.856
362,62,@FoxNews,"Texas middle school football player, 13, dies after medical emergency during practice https://t.co/VRXjCWjgMV",-0.3818,0.0,0.178,0.822
363,63,@FoxNews,".@TheJuanWilliams: ""[Michael Cohen] made a plea deal because he understood and said he was guilty of having committ‚Ä¶ https://t.co/f4uEdVqHnO",-0.4215,0.0,0.141,0.859
364,64,@FoxNews,"Connecticut police officers exposed to possible fentanyl during drug raid, officials say https://t.co/kKRQCROn3q",-0.0772,0.0,0.098,0.902
365,65,@FoxNews,Giuliani denies Trump sought advice from lawyers about possible Manafort pardon https://t.co/smsxpr0BXJ,-0.128,0.152,0.185,0.662
366,66,@FoxNews,"In a new op-ed, @jasoninthehouse says the death of Mollie Tibbetts ""proves"" that Congress must act on building a bo‚Ä¶ https://t.co/zJ188cbUKA",-0.5994,0.0,0.178,0.822
367,67,@FoxNews,Ex-MSU gymnastics coach charged with lying in the Larry Nassar case. https://t.co/F1IKMbzCIX,-0.6369,0.0,0.342,0.658
368,68,@FoxNews,Michael Cohen prosecutors granted immunity to publisher David Pecker. https://t.co/mCmQC2Rg3Z,0.25,0.182,0.0,0.818
369,69,@FoxNews,Democrats seek to use spending bill to block the Trump administration's proposal to arm teachers. https://t.co/C3tEYxQlOz,-0.4404,0.0,0.162,0.838
370,70,@FoxNews,President Trump says he has authorized an emergency disaster declaration for Hawaii as Hurricane Lane barrels towar‚Ä¶ https://t.co/auaEug21m1,-0.7717,0.0,0.295,0.705
371,71,@FoxNews,Colorado police officers suspended for leaking body camera footage of Denver mayor's son yelling at a cop. https://t.co/f5QOdm5r8k,-0.4767,0.0,0.162,0.838
372,72,@FoxNews,Sen. @tedcruz's challenger @BetoORourke dinged for saying 'nothing more American' than kneeling during the anthem. https://t.co/0TDFvkbb7n,0.128,0.091,0.0,0.909
373,73,@FoxNews,RT @FoxBusiness: AT THE CLOSE: Major averages close down on trade concerns as new U.S.-China tariffs kick in. https://t.co/5gVe09XRY3,0.0,0.0,0.0,1.0
374,74,@FoxNews,"JUST IN: Mollie Tibbetts killed by 'sharp force injuries,' preliminary autopsy reveals. https://t.co/5nEaSZjwn2",-0.6705,0.0,0.273,0.727
375,75,@FoxNews,.@ShepNewsTeam is live with the ‚ÄòFox News Update‚Äô on Facebook Watch: https://t.co/Sb2cju6RMf https://t.co/FdJabpyull,0.0,0.0,0.0,1.0
376,76,@FoxNews,The CEO of a Florida boat company says European orders have dropped amid the steel and aluminum tariffs imposed by‚Ä¶ https://t.co/iVNgT35e0r,-0.0772,0.0,0.064,0.936
377,77,@FoxNews,".@AlanDersh: ""If... candidate Trump paid the money himself, there'd be no violation of law at all either for Cohen‚Ä¶ https://t.co/ZJTKWBeozM",-0.6597,0.0,0.231,0.769
378,78,@FoxNews,The boss of the man accused of killing Mollie Tibbetts says he didn't act differently after the college student was‚Ä¶ https://t.co/ukaJhNzMN4,-0.765,0.0,0.258,0.742
379,79,@FoxNews,"RT @ShepNewsTeam: Shep goes live on Facebook at 4PM, with news on the immunity deal for a longtime friend of President Trump. Plus - any #B‚Ä¶",0.4939,0.122,0.0,0.878
380,80,@FoxNews,Ex-3 Doors Down bassist's wife mailed him drugs in jail: report https://t.co/p2PkVwo9sB,0.0,0.0,0.0,1.0
381,81,@FoxNews,US Rep. Hunter is blaming 'Democrat prosecutors' for his indictment on corruption charges; William La Jeunesse repo‚Ä¶ https://t.co/V23HoCnpAk,-0.6486,0.0,0.249,0.751
382,82,@FoxNews,Incredible drone footage shows isolated Amazon tribe https://t.co/ccEMuRqdxw,-0.1531,0.17,0.23,0.6
383,83,@FoxNews,".@VP sets sights on Moon, Mars, in NASA speech https://t.co/11dfKmMaIl",0.0,0.0,0.0,1.0
384,84,@FoxNews,Meghan Markle channels Princess Diana with sweet hobby: 'I absolutely relish it' https://t.co/yzCw5rbrzD,0.4588,0.2,0.0,0.8
385,85,@FoxNews,A juror in the Paul Manafort trial is speaking out; @pdoocy reports. @ShepNewsTeam https://t.co/QrvWRgO09M https://t.co/rywItGLA9K,0.0,0.0,0.0,1.0
386,86,@FoxNews,"Attorney General Jeff Sessions is firing back at President Donald Trump for saying he ""never took control"" of the J‚Ä¶ https://t.co/unQhygXORU",-0.34,0.0,0.107,0.893
387,87,@FoxNews,Hurricane Lane is seen from the International Space Station on Wednesday as it churns toward Hawaii.‚Ä¶ https://t.co/PQKZR1SjOq,0.0,0.0,0.0,1.0
388,88,@FoxNews,Google unveils Iran-linked 'state-sponsored phishing attack' on its properties https://t.co/joWC27k8NA,-0.4767,0.0,0.256,0.744
389,89,@FoxNews,"Richie Incognito, ex-NFL lineman, accused of threatening funeral home staff https://t.co/qn1BlXmYMf",-0.7964,0.0,0.503,0.497
390,90,@FoxNews,Sen. Graham: Trump Likely to Replace Jeff Sessions 'Sooner Rather Than Later' https://t.co/UvJHqjB7TU,0.0,0.0,0.0,1.0
391,91,@FoxNews,"Arizona primaries focus on education, immigration: Races to watch
https://t.co/3b9MgwXoou",0.0,0.0,0.0,1.0
392,92,@FoxNews,Hurricane Lane unleashes torrential rains on Hawaii. @rickreichmuth has the latest on the storm's track.‚Ä¶ https://t.co/vj12d2fcrY,0.0,0.0,0.0,1.0
393,93,@FoxNews,"KFC restaurant hid Arizona-Mexico drug smuggling tunnel, officials say. https://t.co/y08vrYdOjH",-0.5423,0.0,0.36,0.64
394,94,@FoxNews,".@AmbJohnBolton on meeting with his Russian counterpart: ""I made it clear we wouldn't tolerate meddling in 2018.""‚Ä¶ https://t.co/ledmDInuCZ",0.3818,0.133,0.0,0.867
395,95,@FoxNews,Texas mom spreads warning after toddler dies napping in car seat. https://t.co/L1FInC9aWS,-0.34,0.0,0.179,0.821
396,96,@FoxNews,"In his exclusive interview with @ainsleyearhardt on @foxandfriends, President @realDonaldTrump spoke optimistically‚Ä¶ https://t.co/uPP2NxQxlg",0.128,0.111,0.0,0.889
397,97,@FoxNews,"President @realDonaldTrump: ""When I took over, President Obama thought we would have to go to war with North Korea."" https://t.co/MRnyPhDARO",-0.5994,0.0,0.178,0.822
398,98,@FoxNews,Fox News Poll: @POTUS's job performance. https://t.co/YykEWPu00H,0.0,0.0,0.0,1.0
399,99,@FoxNews,St. Louis cop charged for breaking man's jaw with flashlight. https://t.co/l2OfoMmSnY,-0.2023,0.0,0.153,0.847
400,0,@nytimes,"As President Trump faces his own legal troubles, he has taken to using a vocabulary that sounds uncannily like that‚Ä¶ https://t.co/2hOvC2OwId",0.0,0.167,0.125,0.708
401,1,@nytimes,A drone captured the first images of members of an isolated Amazon tribe that had no known contact with the outside‚Ä¶ https://t.co/klYCOlqaAh,-0.4215,0.07,0.186,0.744
402,2,@nytimes,"At a time when the giraffe population is plummeting in the wild, the sale of products made with giraffe skin and bo‚Ä¶ https://t.co/BqYyg5OLub",0.0,0.0,0.0,1.0
403,3,@nytimes,"""For those wondering if the latest disclosures from the Trump legal file are finally weighty enough to cause top co‚Ä¶ https://t.co/ZqRiflhTgN",0.3182,0.148,0.0,0.852
404,4,@nytimes,RT @nytimesbooks: What would high school students read if prominent writers revamped the curriculum? https://t.co/G2pyJ8lpXU,0.3182,0.141,0.0,0.859
405,5,@nytimes,"Scientists have discovered a human hybrid who lived in prehistoric times. Her mother was Neanderthal, her father De‚Ä¶ https://t.co/Z4CGuoOVeS",0.0,0.0,0.0,1.0
406,6,@nytimes,"In a state where voting issues have flared up repeatedly, voters suspected the worst when a rural Georgia county co‚Ä¶ https://t.co/Gm734U1elg",-0.7184,0.0,0.261,0.739
407,7,@nytimes,"Morrison backed Turnbull earlier in the week, but he later emerged as a more moderate alternative to Peter Dutton,‚Ä¶ https://t.co/Gu1WtJPmkK",0.0129,0.055,0.0,0.945
408,8,@nytimes,"Breaking News: Australia‚Äôs prime minister, Malcolm Turnbull, was ousted by his treasurer, Scott Morrison, a surpris‚Ä¶ https://t.co/8AZmSQ4Obe",0.128,0.091,0.0,0.909
409,9,@nytimes,"3 men who took part in a white nationalist rally in Charlottesville, Virginia, last year were sentenced this week t‚Ä¶ https://t.co/qH4VNVCtp9",-0.0258,0.0,0.058,0.942
410,10,@nytimes,RT @nytpolitics: President Trump‚Äôs tweet about South Africa‚Äôs plan to redistribute farmland was criticized for endorsing a common claim of‚Ä¶,-0.3612,0.0,0.122,0.878
411,11,@nytimes,"Steve Jobs' daughter, Lisa Brennan-Jobs, has written a devastating memoir with damning details about the Apple co-f‚Ä¶ https://t.co/FZfUdUmfdj",-0.7717,0.0,0.309,0.691
412,12,@nytimes,"RT @NYTHealth: Russian trolls accused of meddling in the 2016 election also polarized the vaccine debate, study says. https://t.co/ONjNCKTb‚Ä¶",-0.296,0.0,0.109,0.891
413,13,@nytimes,The Manhattan district attorney‚Äôs office is considering pursuing criminal charges against the Trump Organization an‚Ä¶ https://t.co/x91EmZ4erG,-0.6705,0.0,0.282,0.718
414,14,@nytimes,"A new musical about the Temptations will open on Broadway next spring, the latest in a series of shows using famili‚Ä¶ https://t.co/Ps3QlAY93T",0.0,0.0,0.0,1.0
415,15,@nytimes,RT @cliffordlevy: Breaking: The Manhattan DA is considering pursuing criminal charges against the Trump Organization and 2 senior company o‚Ä¶,-0.6705,0.0,0.244,0.756
416,16,@nytimes,"‚ÄúI followed my heart, not my head‚Äù: How Urban Meyer handled a domestic abuse case against an Ohio State assistant t‚Ä¶ https://t.co/wmqTVp4BIE",-0.6369,0.0,0.174,0.826
417,17,@nytimes,RT @nytpolitics: Mollie Tibbetts‚Äôs death has become a focus for conservative politicians and media https://t.co/yjA38ZnrRH,-0.5994,0.0,0.231,0.769
418,18,@nytimes,Evening Briefing: Here's what you need to know at the end of the day https://t.co/SJp7QBAEBP,0.0,0.0,0.0,1.0
419,19,@nytimes,"‚ÄúI‚Äôm not a clone of my father."" Levi Sanders, son of Bernie Sanders, is running for Congress in New Hampshire. His‚Ä¶ https://t.co/up0erdbbwS",0.0,0.0,0.0,1.0
420,20,@nytimes,Verizon throttled California firefighters‚Äô internet speeds as they battled the Mendocino Complex Fire (they were ou‚Ä¶ https://t.co/Vaeb0tSOyI,-0.5574,0.0,0.235,0.765
421,21,@nytimes,"RT @nytvideo: Can the president be impeached now that Michael Cohen has pleaded guilty? @adamliptak , the Times's Supreme Court reporter, a‚Ä¶",0.2023,0.142,0.11,0.748
422,22,@nytimes,British Airways and Air France said that they would suspend service to Tehran next month https://t.co/oxHPaSt2YV,-0.3182,0.0,0.133,0.867
423,23,@nytimes,"RT @nytopinion: Had Michael Cohen's secret $130,000 payment to Stormy Daniels been disclosed before the election, as the law requires, it m‚Ä¶",0.0,0.0,0.0,1.0
424,24,@nytimes,Italy wants the Frick Collection's most recent painting acquisition back and says its export license never should h‚Ä¶ https://t.co/x3dI8I0lae,0.0,0.0,0.0,1.0
425,25,@nytimes,Breaking News: President Trump‚Äôs lawyers warned him not to consider pardons for former aides under investigation un‚Ä¶ https://t.co/J8LMJ42yBV,-0.4567,0.0,0.2,0.8
426,26,@nytimes,"13 great movies expiring from Netflix in September
https://t.co/UjLId3TPg7",0.6249,0.339,0.0,0.661
427,27,@nytimes,Evening Briefing: Here's what you need to know at the end of the day https://t.co/0p09w6OHHh,0.0,0.0,0.0,1.0
428,28,@nytimes,"Alice Allison Dunnigan, the first black woman reporter accredited to cover the White House, will get a statue at th‚Ä¶ https://t.co/W90b0fDdVC",0.0,0.0,0.0,1.0
429,29,@nytimes,"RT @NYTmag: After just 18 months, Trump has ‚Äúflipped‚Äù two circuits ‚Äî the Sixth and Seventh ‚Äî from liberal to conservative. Two more ‚Äî the E‚Ä¶",0.0,0.0,0.0,1.0
430,30,@nytimes,A former Michigan State University gymnastics coach was charged with lying to the authorities about whether she was‚Ä¶ https://t.co/vxdnT5cPkz,-0.6369,0.0,0.245,0.755
431,31,@nytimes,Here's how Turkish carpet merchants use the sun to get the right pastel tone https://t.co/wjj6CghAZA,0.0,0.0,0.0,1.0
432,32,@nytimes,7 new books recommended by critics and editors at The New York Times https://t.co/MIXZmxQ21v,-0.1027,0.12,0.147,0.733
433,33,@nytimes,"RT @nytimesworld: ‚ÄúThis is the police force we are proud of, the police force we want:"" authorities promote Argentine policewoman who breas‚Ä¶",0.6908,0.222,0.0,0.778
434,34,@nytimes,"Tired: Planking

Wired: The InMyFeelings Challenge
https://t.co/O9GUxdHgmp",-0.3818,0.141,0.315,0.543
435,35,@nytimes,"""Bold, maybe a little brash; tender, maybe a little sentimental; difficult to work with yet desperate to please: Be‚Ä¶ https://t.co/1ogBlcIjQx",-0.0553,0.189,0.198,0.613
436,36,@nytimes,"36 Hours in Thessaloniki: Greece‚Äôs second city is filled with remnants of its multilayered past, but sprinkled amon‚Ä¶ https://t.co/oZrVRP7rS1",0.0,0.0,0.0,1.0
437,37,@nytimes,How does Elon Musk make the math work in taking Tesla private? Grab a pen and an envelope and read this. https://t.co/5qY8mWuafw,0.0,0.0,0.0,1.0
438,38,@nytimes,Are Michael Cohen's statements grounds for impeachment? And can Paul Manafort be pardoned? New York Times investiga‚Ä¶ https://t.co/Omtn1001JL,0.3094,0.117,0.0,0.883
439,39,@nytimes,"Some of the most prominent CEOs in the U.S. ‚Äî including Apple's Tim Cook, IBM's Ginni Rometty, and the departing he‚Ä¶ https://t.co/tO4jwUkg7Q",0.3804,0.115,0.0,0.885
440,40,@nytimes,"A woman is suing Mario Batali, alleging that Batali offered to take a selfie with her, then kissed and groped her w‚Ä¶ https://t.co/odITMyLqIx",0.128,0.11,0.089,0.802
441,41,@nytimes,6-year-old Kamiyah is the first child to be diagnosed with a genetic abnormality that causes her muscles to freeze‚Ä¶ https://t.co/kPqXTSFRJq,0.0,0.0,0.0,1.0
442,42,@nytimes,"Details from the investigation into Ohio State head football coach Urban Meyer, accused of mishandling domestic abu‚Ä¶ https://t.co/VZXMrQIVUO",-0.296,0.0,0.115,0.885
443,43,@nytimes,"RT @TimHerrera: You know when you leave a job you love and you get that broad, vague sadness you can't quite pin down? Here's how to get th‚Ä¶",0.1779,0.128,0.168,0.703
444,44,@nytimes,"In Opinion

Artist Ai Weiwei writes, ""Many of the problems in the world today, when one reflects upon them, call fo‚Ä¶ https://t.co/LZVr3GY1Xy",-0.4019,0.0,0.114,0.886
445,45,@nytimes,"RT @nytvideo: ‚ÄúI‚Äôll do anything to protect Mr. Trump,‚Äù Michael Cohen once said of President Trump. So what led to his stunning admission th‚Ä¶",0.6369,0.191,0.0,0.809
446,46,@nytimes,Breaking News: The tabloid executive David Pecker is said to have gotten immunity from prosecutors investigating pa‚Ä¶ https://t.co/XyCxJGds3J,0.0,0.0,0.0,1.0
447,47,@nytimes,"Breaking News: Attorney General Jeff Sessions pushed back on President Trump's attacks, pledging to keep ""political‚Ä¶ https://t.co/WQRZHPyPc6",-0.4404,0.0,0.153,0.847
448,48,@nytimes,"Steve Jobs' daughter, Lisa Brennan-Jobs, has written a devastating memoir with damning details about the Apple co-f‚Ä¶ https://t.co/6T9sDyITLf",-0.7717,0.0,0.309,0.691
449,49,@nytimes,‚ÄúI decided to fight until the last drop of blood to break the chains shackling the women of my country.‚Äù How Doria‚Ä¶ https://t.co/3eDR5PYNTn,-0.5719,0.0,0.183,0.817
450,50,@nytimes,RT @nytDeniseGrady: It's a new new era for people with melanoma or other cancers that have spread to the brain. They were considered such h‚Ä¶,0.0,0.0,0.0,1.0
451,51,@nytimes,"The Polish Embassy criticized ‚ÄúFox and Friends‚Äù after a headline on screen referred to ‚ÄúPolish death camps,‚Äù a misl‚Ä¶ https://t.co/LViXcyd26m",-0.7506,0.0,0.286,0.714
452,52,@nytimes,Next week is the last unofficial week of summer. We think that calls for a day trip. https://t.co/7kmDcg70h1,0.0,0.0,0.0,1.0
453,53,@nytimes,"A Category 4 hurricane is bearing down on Hawaii, threatening to be the first hurricane to make landfall on the isl‚Ä¶ https://t.co/MVEOuazkcb",-0.5267,0.0,0.152,0.848
454,54,@nytimes,RT @nytpolitics: The framers of the Constitution thought that bribery or any other corrupt way to win the presidency was a particularly imp‚Ä¶,0.5859,0.153,0.0,0.847
455,55,@nytimes,A strike shut down New York City‚Äôs three daily newspapers about two weeks before the 1978 U.S. Open. A longtime rep‚Ä¶ https://t.co/BBKa0Kf1Dl,-0.128,0.0,0.073,0.927
456,56,@nytimes,"A single juror kept the jury in the Paul Manfort trial from returning a guilty verdict on all 18 counts, according‚Ä¶ https://t.co/SWZWT7JzUA",-0.296,0.071,0.125,0.804
457,57,@nytimes,The former NSA contractor Reality Winner was sentenced to more than 5 years in prison for leaking a government repo‚Ä¶ https://t.co/ZtNGs8KEhM,0.1027,0.157,0.182,0.661
458,58,@nytimes,"Young, diverse, traditionally disengaged from politics: Those are the voters Cynthia Nixon says are going to send h‚Ä¶ https://t.co/7fIwBXKNzv",0.0,0.0,0.0,1.0
459,59,@nytimes,"RT @MichaelPaulson: Breaking Broadway news: @LauraBenanti will take over the role of Eliza Doolittle in @MyFairLadyBway, succeeding Lauren‚Ä¶",0.4939,0.158,0.0,0.842
460,60,@nytimes,"RT @nytopinion: On the heels of the Cohen and Manafort news, @CharlesMBlow asks whether Republicans will stand up for what is right https:/‚Ä¶",0.0,0.0,0.0,1.0
461,61,@nytimes,How the National Enquirer protected Trump https://t.co/qxc3Hsy1dD,0.4404,0.326,0.0,0.674
462,62,@nytimes,It ranks among the great booms in American market history. But the gains haven‚Äôt been spread among the masses. https://t.co/5IpFYMnuKL,0.7579,0.265,0.0,0.735
463,63,@nytimes,RT @nytimesworld: A journalist for Buzzfeed News who had written extensively about a crackdown on Muslim minority groups is the latest fore‚Ä¶,0.0,0.0,0.0,1.0
464,64,@nytimes,"""The presidency has noted Trump's tweet, which is misinformed, in our view,"" said a spokeswoman for South Africa's‚Ä¶ https://t.co/8W0A3F2z93",-0.3818,0.0,0.133,0.867
465,65,@nytimes,Breaking News: The DNC said a hacking attempt it learned of this week was a false alarm. The suspicious activity wa‚Ä¶ https://t.co/cIZpfTmZoT,-0.5994,0.0,0.214,0.786
466,66,@nytimes,"""This year, you're not going to see a giant blue wave coming across the state of Alabama,"" Doug Jones said. ""But th‚Ä¶ https://t.co/9mb5Tave9S",0.0,0.0,0.0,1.0
467,67,@nytimes,"In Opinion

The Editorial Board writes: ""Congress remains crouched and trembling in a dark corner, hoping this is a‚Ä¶ https://t.co/7Dt2PULdg4",0.0772,0.126,0.112,0.762
468,68,@nytimes,"""I know all about flipping. For 30, 40 years I have been watching flippers,‚Äù  President Trump said during an interv‚Ä¶ https://t.co/I5P7YyXBdw",0.0,0.0,0.0,1.0
469,69,@nytimes,Morning¬†Briefing: Here's what you need to know to start your day https://t.co/rgKNyOEL1b https://t.co/a2rTe7tbPz,0.0,0.0,0.0,1.0
470,70,@nytimes,"RT @cliffordlevy: Cohen wasn‚Äôt alone:
Records suggest that others in Trump's circle had a role in the hush money arrangements.
https://t.co‚Ä¶",-0.25,0.0,0.095,0.905
471,71,@nytimes,The Education Department is considering whether to allow states to use federal funding to purchase guns for educato‚Ä¶ https://t.co/7MVJHWoAV5,0.2263,0.095,0.0,0.905
472,72,@nytimes,North Carolina‚Äôs historical commission rejected a request to remove three Confederate monuments from the grounds of‚Ä¶ https://t.co/dHyuVAbKhj,-0.5106,0.0,0.18,0.82
473,73,@nytimes,"The hackers set up a fake page that mimicked the Democratic Party‚Äôs login page for its voter-registration website,‚Ä¶ https://t.co/jqxH07FKbe",-0.4767,0.0,0.154,0.846
474,74,@nytimes,"President Trump on Wednesday praised his just-convicted former campaign chairman for refusing to ""break"" and cooper‚Ä¶ https://t.co/c7oZvDtaJB",0.128,0.153,0.129,0.718
475,75,@nytimes,"Your daily @DealBook Briefing:

‚Ä¢ Keep waiting for that killer Aramco I.P.O.
¬†
‚Ä¢ Retail is back, baby.

‚Ä¢ How the N‚Ä¶ https://t.co/inMJm5sQff",-0.6486,0.0,0.193,0.807
476,76,@nytimes,"The victims were relatives of the attacker, the authorities said. France's interior minister said the assailant ""is‚Ä¶ https://t.co/dZfAjpSNWb",-0.7184,0.0,0.273,0.727
477,77,@nytimes,President Trump has waded into South Africa‚Äôs plans to seize and redistribute vast tracts of land from white farmers https://t.co/bP2t0X3F1b,0.0,0.0,0.0,1.0
478,78,@nytimes,Senior Republican Party leaders began urging their most imperiled incumbents to speak out about the wrongdoing surr‚Ä¶ https://t.co/KPSrlhdV3R,0.4019,0.137,0.0,0.863
479,79,@nytimes,Robert Mueller has followed a set of rules devised to allow for the investigation of a sitting president. Those rul‚Ä¶ https://t.co/meDA1qttuD,0.2263,0.095,0.0,0.905
480,80,@nytimes,Investigators in New York issued a subpoena to Michael Cohen for documents related to the Donald J. Trump Foundatio‚Ä¶ https://t.co/045wKYT6yt,0.0,0.0,0.0,1.0
481,81,@nytimes,People who have known Trump for years pointed out that he has never been as cornered ‚Äî or as isolated ‚Äî as he is ri‚Ä¶ https://t.co/hamIPprVUk,-0.1245,0.069,0.088,0.842
482,82,@nytimes,"The big question is what difference, if any, Francis can make in Ireland, a country that has become the bellwether‚Ä¶ https://t.co/oy8MIXsEMw",0.0,0.0,0.0,1.0
483,83,@nytimes,Morning¬†Briefing: Here's what you need to know to start your day https://t.co/CrnMRpQteQ https://t.co/ovkEkZv9aT,0.0,0.0,0.0,1.0
484,84,@nytimes,"A man fatally stabbed two people and seriously injured one more in Trappes, a Paris suburb, before being shot to de‚Ä¶ https://t.co/REgKE6qIv5",-0.8885,0.0,0.418,0.582
485,85,@nytimes,"In Turkey, thousands of hand-woven rugs are laid out in the fields to bask in the summer sun https://t.co/PlFQQUkBNI",0.0,0.0,0.0,1.0
486,86,@nytimes,"""It's really about all the little things that make a normal life,"" said a nurse at a facility in the Netherlands wh‚Ä¶ https://t.co/IrMi3kZ55Y",0.0,0.0,0.0,1.0
487,87,@nytimes,Everyone who‚Äôs been charged as a result of the Mueller investigation https://t.co/K1Vyv07IOv,-0.2023,0.0,0.153,0.847
488,88,@nytimes,"The greatest singers in history have typically sung about 50-60 roles in their lifetimes. Today, the tireless Pl√°ci‚Ä¶ https://t.co/tHlUj5zenX",0.6369,0.189,0.0,0.811
489,89,@nytimes,"RT @nytimesworld: Two men were caught on video prancing around in their underwear, and one stripped naked, at a fountain that's also a Worl‚Ä¶",0.0,0.0,0.0,1.0
490,90,@nytimes,Cyberespionage concerns surrounding Huawei has for years kept the Chinese technology giant largely out of the U.S.‚Ä¶ https://t.co/Hore74aTgP,0.0,0.0,0.0,1.0
491,91,@nytimes,An American reporter for Buzzfeed News has become the latest foreign journalist to be forced from China https://t.co/S513jBa1lM,-0.4588,0.0,0.15,0.85
492,92,@nytimes,"‚ÄúWe risked our lives to protect Canadians,‚Äù a Nepali guard wounded in a Kabul bombing said. ‚ÄúAnd embassy officials‚Ä¶ https://t.co/RdhPXRTHVw",0.1779,0.127,0.093,0.78
493,93,@nytimes,"There, at a monument celebrating the unification and liberation of Italy, and commemorating its more than 500,000 d‚Ä¶ https://t.co/HHcjD3QJWu",0.5719,0.179,0.0,0.821
494,94,@nytimes,"RT @nytimesworld: The daughter of the former Philippines dictator says older Filipinos should focus on their father's successes, instead of‚Ä¶",0.5574,0.159,0.0,0.841
495,95,@nytimes,Quit avocado. Ride bikes instead of taxis. Drink beer instead of cocktails ‚Äî and make sure that beer isn‚Äôt craft. W‚Ä¶ https://t.co/vaS4FnfZE2,0.3182,0.103,0.0,0.897
496,96,@nytimes,These small things can have huge ramifications on your life https://t.co/VrB35eev3b,0.3182,0.187,0.0,0.813
497,97,@nytimes,"RT @LiYuan6: As 400 million Chinese entered the middle class, they experienced profound consumption upgrades. Now some of them started to w‚Ä¶",0.0,0.0,0.0,1.0
498,98,@nytimes,All Muslims who are physically and financially able to complete the hajj are supposed to do so at least once in the‚Ä¶ https://t.co/hYHXL7rz0s,0.0,0.0,0.0,1.0
499,99,@nytimes,Feelings of grief are common when you leave a workplace you love. It‚Äôs important to take time to process these tran‚Ä¶ https://t.co/DK12TyMoXY,0.3818,0.219,0.161,0.62
